"customer_id","first_name","last_name","zip_code","street_number","street_name","phone_numbers","password","email"
415,"Amanda","Scott",85852,78,"Sunset Dr","7740087445","aRp1Mrjw","amanda.scott@hotmail.com"
463,"William","Wilson",58501,67,"Hilltop_Dr","7280360599","EuZUVQUO","william.wilson@hotmail.com"
179,"Andrew","Williams",32998,91,"Main_St","7910584364","6qQGCCMf","andrew.williams@gmail.com"
526,"William","Johnson",11547,36,"Sunrise_Ave","7636717014","qCHQUkXx","william.johnson@outlook.com"
195,"Ashley","Williams",25040,58,"Sunset Dr","7817789672","QAmBTGYy","ashley.williams@gmail.com"
938,"William","Smith",60867,58,"Maple_St","7125069908","BjLeGCg5","william.smith@icloud.com"
818,"Michael","Garcia",15007,38,"Elm_St","7063456207","siJy0GCH","michael.garcia@yahoo.com"
118,"Ryan","Williams",23070,32,"Oak_St","7485614746","AssyY0wV","ryan.williams@outlook.com"
299,"Samantha","Miller",50743,97,"Sunrise_Ave","7332116874","eV3jghEM","samantha.miller@hotmail.com"
229,"Robert","Garcia",19744,11,"Oak_St","7415279900","VxS4RSMP","robert.garcia@icloud.com"
244,"Elizabeth","Allen",79288,70,"Hilltop_Dr","7018138978","y1vzBsZq","elizabeth.allen@yahoo.com"
14,"Samantha","Moore",73076,23,"Park_Ave","7555113147","sWrhBEv6","samantha.moore@yahoo.com"
374,"Christopher","Scott",65987,28,"Hilltop_Dr","7804779318","EuYkZY1X","christopher.scott@hotmail.com"
665,"Stephanie","Nelson",28156,38,"Main_St","7185827889","RN1m1YcO","stephanie.nelson@yahoo.com"
602,"David","Wright",82964,85,"Lakeview_Blvd","7763226875","dipKeaFk","david.wright@gmail.com"
603,"Daniel","Williams",34452,79,"Lakeview_Blvd","7341796614","DZm3vTmU","daniel.williams@hotmail.com"
768,"Robert","Young",72284,76,"Sunset Dr","7080410546","aKTcwl0r","robert.young@hotmail.com"
709,"Ryan","Clark",52245,75,"Maple_St","7343671269","qNQM89np","ryan.clark@outlook.com"
91,"David","Jones",44889,76,"Sunset Dr","7280526703","AbdCZnYD","david.jones@outlook.com"
953,"Ryan","Lewis",66177,41,"Main_St","7692901871","1gYvJSEo","ryan.lewis@hotmail.com"
348,"Ashley","Williams",16186,11,"Park_Ave","7382579484","7I7oCatC","ashley.williams@gmail.com"
649,"Sarah","Miller",22761,8,"Sunrise_Ave","7156143737","kQbsxDwP","sarah.miller@hotmail.com"
355,"Samantha","Brown",12434,26,"Elm_St","7340185662","oD7evgQW","samantha.brown@hotmail.com"
840,"Andrew","Rodriguez",68788,90,"Maple_St","7532385670","PMa1WPJs","andrew.rodriguez@outlook.com"
26,"Samantha","Scott",25570,94,"Sunrise_Ave","7044108097","kEJyHjOP","samantha.scott@gmail.com"
519,"Andrew","Wilson",79894,75,"Park_Ave","7904901911","DwYtSNNj","andrew.wilson@gmail.com"
426,"Michael","Allen",22439,79,"Pine_St","7334039449","gs2BbcoT","michael.allen@icloud.com"
979,"Ashley","Rodriguez",94663,3,"Main_St","7605329323","oBzyGXAL","ashley.rodriguez@outlook.com"
766,"Matthew","Wright",57785,83,"Sunset Dr","7599021937","cl2tsn9s","matthew.wright@yahoo.com"
211,"Ashley","Clark",59267,83,"Elm_St","7631809404","f0MX0PbE","ashley.clark@outlook.com"
932,"Ryan","Wright",68643,11,"Elm_St","7503142771","8poK0DRW","ryan.wright@hotmail.com"
590,"Stephanie","Johnson",32596,81,"Lakeview_Blvd","7509340532","9YrwEDpt","stephanie.johnson@icloud.com"
593,"Christopher","Jones",61892,72,"Elm_St","7042280171","JdYDvkFR","christopher.jones@icloud.com"
555,"Elizabeth","Jones",44867,56,"Lakeview_Blvd","7362823311","xkpttr0p","elizabeth.jones@yahoo.com"
871,"Ryan","Scott",64380,29,"Oak_St","7696776977","Q843mgt6","ryan.scott@gmail.com"
373,"Robert","Nelson",46521,78,"Hilltop_Dr","7491655702","GOIm3xmg","robert.nelson@yahoo.com"
844,"Michael","Allen",79263,90,"Pine_St","7042195763","vP2q24sI","michael.allen@gmail.com"
143,"Elizabeth","Johnson",87666,65,"Park_Ave","7379551135","uBdXaIG9","elizabeth.johnson@icloud.com"
544,"Christopher","Rodriguez",72608,47,"Hilltop_Dr","7309206231","dAKKyQKn","christopher.rodriguez@hotmail.com"
490,"Ashley","Scott",79537,8,"Oak_St","7363257338","0Ngm6vnR","ashley.scott@hotmail.com"
621,"Samantha","Miller",16382,59,"Elm_St","7011959853","3iOXegQp","samantha.miller@outlook.com"
775,"John","Jones",46289,48,"Maple_St","7146249192","1z4KCqw7","john.jones@yahoo.com"
905,"Ashley","Wright",58036,13,"Pine_St","7805187910","RSt7ZtJK","ashley.wright@hotmail.com"
937,"Daniel","Wilson",20190,15,"Sunrise_Ave","7906176905","rK7Mvso1","daniel.wilson@yahoo.com"
842,"Robert","Clark",38520,14,"Maple_St","7027301462","dmiBaPKQ","robert.clark@hotmail.com"
23,"Robert","Smith",51673,36,"Pine_St","7717268203","MrGOtpiR","robert.smith@gmail.com"
923,"Ryan","Davis",47097,26,"Lakeview_Blvd","7839747636","ST7Hcg9n","ryan.davis@hotmail.com"
309,"Christopher","Robinson",16950,93,"Oak_St","7352293790","CXyP5AB1","christopher.robinson@hotmail.com"
135,"Matthew","Garcia",86176,59,"Elm_St","7316753675","HMH78sQ6","matthew.garcia@gmail.com"
821,"Ashley","Williams",27489,30,"Sunrise_Ave","7343309364","9tuqYGn4","ashley.williams@outlook.com"
954,"William","Moore",76236,31,"Lakeview_Blvd","7037096256","4HUrhPX8","william.moore@gmail.com"
224,"William","Walker",56124,76,"Maple_St","7565354466","V69tGkLd","william.walker@yahoo.com"
166,"Daniel","Young",73874,65,"Park_Ave","7100165155","DimxxSuf","daniel.young@gmail.com"
217,"Andrew","Smith",32505,18,"Sunset Dr","7908829840","feSViPDP","andrew.smith@yahoo.com"
290,"Ryan","Jones",17119,13,"Main_St","7863932180","bTZO0Cyh","ryan.jones@outlook.com"
581,"Ashley","Moore",34567,37,"Lakeview_Blvd","7094117970","5g0GUHXd","ashley.moore@hotmail.com"
72,"Jessica","Garcia",88736,47,"Sunrise_Ave","7361706790","UkYr7oix","jessica.garcia@hotmail.com"
588,"John","Nelson",50170,34,"Park_Ave","7087153480","u7CecyOx","john.nelson@icloud.com"
575,"Samantha","Brown",75648,41,"Lakeview_Blvd","7311668001","TJpabdyV","samantha.brown@hotmail.com"
141,"Elizabeth","Lewis",32557,93,"Pine_St","7583232068","MBvKKsPy","elizabeth.lewis@outlook.com"
722,"Michael","Clark",10205,7,"Oak_St","7296657170","Ncc6g0YX","michael.clark@yahoo.com"
865,"Jennifer","Clark",31258,71,"Pine_St","7319674327","iKDCP2ku","jennifer.clark@outlook.com"
859,"Andrew","Rodriguez",64088,46,"Main_St","7749332054","qHdAlpnl","andrew.rodriguez@outlook.com"
153,"Michael","Nelson",34026,82,"Hilltop_Dr","7206998205","jdPPQOjd","michael.nelson@outlook.com"
294,"Ashley","Davis",35011,19,"Oak_St","7259707807","KLRISv38","ashley.davis@gmail.com"
277,"William","Moore",91327,70,"Oak_St","7104108732","d9i9THxi","william.moore@hotmail.com"
999,"John","Robinson",68205,32,"Maple_St","7021410013","QNiFhMmf","john.robinson@outlook.com"
41,"Samantha","Clark",69406,18,"Lakeview_Blvd","7874917297","fIQriIbN","samantha.clark@yahoo.com"
431,"Jessica","Johnson",74089,56,"Sunrise_Ave","7605451829","aclCmDUg","jessica.johnson@outlook.com"
90,"Stephanie","Walker",58128,48,"Oak_St","7815830623","L2u5WpLY","stephanie.walker@yahoo.com"
316,"Elizabeth","Scott",39926,43,"Pine_St","7247504771","AGbdeu7m","elizabeth.scott@icloud.com"
223,"Ashley","Brown",55373,42,"Sunrise_Ave","7506865059","5bZdCTuA","ashley.brown@yahoo.com"
528,"Ashley","Williams",13338,88,"Maple_St","7204784587","8k3RT4gG","ashley.williams@icloud.com"
116,"Elizabeth","Rodriguez",67309,85,"Hilltop_Dr","7507619160","YLSlerD8","elizabeth.rodriguez@gmail.com"
606,"Emily","Scott",47977,7,"Pine_St","7790469602","aiCaDFXE","emily.scott@icloud.com"
774,"Stephanie","Smith",58269,51,"Lakeview_Blvd","7993733214","e6Bo3g99","stephanie.smith@outlook.com"
747,"Michael","Scott",81258,3,"Park_Ave","7053725277","1MY9iXxw","michael.scott@gmail.com"
456,"Ashley","Nelson",50126,57,"Pine_St","7867526801","BUJpSyaz","ashley.nelson@icloud.com"
598,"John","Davis",61216,31,"Elm_St","7305167551","D5pHLfph","john.davis@hotmail.com"
854,"John","Davis",13539,38,"Sunset Dr","7495469894","3URudGJS","john.davis@gmail.com"
39,"Michael","Davis",39719,58,"Hilltop_Dr","7026658960","JjGoXxtT","michael.davis@gmail.com"
159,"David","Jones",26924,63,"Oak_St","7200682142","9FSaJDvp","david.jones@hotmail.com"
752,"Sarah","Rodriguez",61034,62,"Lakeview_Blvd","7969702667","y8gzWouL","sarah.rodriguez@yahoo.com"
209,"David","Young",95757,51,"Sunset Dr","7708196009","JBToquX0","david.young@icloud.com"
988,"Ashley","Allen",41450,33,"Oak_St","7901257705","JyZIK8yX","ashley.allen@hotmail.com"
994,"Amanda","Robinson",10947,49,"Sunset Dr","7607545557","LLptVkuF","amanda.robinson@outlook.com"
34,"Jennifer","Smith",38413,45,"Park_Ave","7590874148","plGObTRX","jennifer.smith@icloud.com"
516,"Matthew","Jones",17873,88,"Main_St","7638861803","gTT8gxSE","matthew.jones@gmail.com"
13,"Samantha","Lewis",93595,71,"Maple_St","7955739760","pBc45gUB","samantha.lewis@outlook.com"
69,"David","Scott",11201,35,"Oak_St","7439444027","MJrY7L1P","david.scott@yahoo.com"
895,"Matthew","Davis",39305,56,"Park_Ave","7035095811","gYpmfyuA","matthew.davis@hotmail.com"
755,"Michael","Smith",16874,96,"Lakeview_Blvd","7687549481","orAnp0HT","michael.smith@hotmail.com"
409,"Ryan","Wilson",87635,53,"Pine_St","7695691915","rhqwT4rP","ryan.wilson@hotmail.com"
308,"Elizabeth","Allen",82735,96,"Oak_St","7891750713","O1qg0t9X","elizabeth.allen@hotmail.com"
278,"Daniel","Wilson",45303,52,"Main_St","7729596090","YlIB0rCT","daniel.wilson@gmail.com"
89,"Michael","Scott",80527,65,"Pine_St","7984146594","wZ7WZgJg","michael.scott@hotmail.com"
537,"William","Lewis",46557,38,"Maple_St","7416335667","VnQnRwRl","william.lewis@yahoo.com"
291,"Jessica","Rodriguez",27241,40,"Sunset Dr","7625705162","0UV1YXe3","jessica.rodriguez@gmail.com"
424,"Jane","Williams",85561,43,"Maple_St","7723415451","urV8bJ4p","jane.williams@icloud.com"
880,"Daniel","Wilson",13837,32,"Sunset Dr","7646990621","XA3iy6M5","daniel.wilson@hotmail.com"
286,"Daniel","Clark",58234,69,"Maple_St","7256378703","dkfh5XgB","daniel.clark@outlook.com"
671,"Elizabeth","Davis",48257,5,"Elm_St","7274371163","8dfrGRFm","elizabeth.davis@hotmail.com"
121,"William","Moore",21798,78,"Sunset Dr","7794406015","endUOaEK","william.moore@outlook.com"
110,"Amanda","Brown",49573,72,"Maple_St","7276310907","ZFTOp1Ga","amanda.brown@yahoo.com"
158,"William","Wilson",44461,25,"Oak_St","7010505688","Rtzh6vcU","william.wilson@icloud.com"
64,"Michael","Allen",58696,87,"Sunrise_Ave","7798826313","e1KIEH4p","michael.allen@hotmail.com"
483,"Ashley","Smith",18934,54,"Park_Ave","7997529145","4jOxtNWn","ashley.smith@icloud.com"
477,"Matthew","Clark",83286,24,"Sunset Dr","7199237926","wMGHieYC","matthew.clark@gmail.com"
480,"John","Smith",76810,20,"Lakeview_Blvd","7506165403","dradmRUE","john.smith@gmail.com"
711,"Samantha","Jones",62191,94,"Sunrise_Ave","7110260173","p9g0UiSM","samantha.jones@yahoo.com"
67,"Amanda","Moore",26161,16,"Main_St","7641874404","6GGqOzpU","amanda.moore@outlook.com"
663,"Stephanie","Garcia",94684,47,"Pine_St","7237719712","mZDnJwxa","stephanie.garcia@yahoo.com"
847,"Robert","Moore",55815,49,"Elm_St","7117537069","4TZXbZJd","robert.moore@outlook.com"
85,"Michael","Brown",76429,69,"Sunrise_Ave","7453421998","5ELOz2SP","michael.brown@icloud.com"
165,"Jennifer","Nelson",39744,55,"Oak_St","7584084076","PIZn7TlA","jennifer.nelson@gmail.com"
648,"Sarah","Young",26855,18,"Maple_St","7099047058","lIMMW8Jq","sarah.young@yahoo.com"
51,"Elizabeth","Lewis",44255,56,"Sunset Dr","7332737016","ka3fP3j6","elizabeth.lewis@outlook.com"
74,"Daniel","Williams",29348,80,"Oak_St","7576761274","xIBt8MSs","daniel.williams@outlook.com"
178,"Michael","Davis",13485,35,"Lakeview_Blvd","7870464260","TgmQSEHu","michael.davis@hotmail.com"
362,"Robert","Rodriguez",72793,87,"Pine_St","7802559489","yiNUoYlG","robert.rodriguez@gmail.com"
236,"Matthew","Williams",29130,73,"Pine_St","7892988710","Kyxi7oA9","matthew.williams@hotmail.com"
610,"Ryan","Scott",95705,42,"Hilltop_Dr","7257240272","s33yjWZI","ryan.scott@yahoo.com"
330,"Jennifer","Nelson",82618,85,"Sunset Dr","7296979871","lTmJFqFl","jennifer.nelson@hotmail.com"
726,"John","Brown",78653,42,"Main_St","7364621107","nzo58M6g","john.brown@hotmail.com"
127,"Christopher","Garcia",34197,36,"Sunrise_Ave","7951865978","8wU9UVzL","christopher.garcia@icloud.com"
212,"Ashley","Scott",71654,20,"Park_Ave","7020902275","h3R8I7I2","ashley.scott@outlook.com"
686,"Robert","Moore",58961,72,"Oak_St","7373494343","Ga8ZZl0t","robert.moore@gmail.com"
785,"Jane","Allen",36350,7,"Sunset Dr","7159563230","71qKY8iY","jane.allen@yahoo.com"
814,"Jennifer","Wilson",55268,22,"Oak_St","7480821447","HpveNSiM","jennifer.wilson@icloud.com"
310,"Christopher","Walker",40159,94,"Oak_St","7052874791","VWgnKote","christopher.walker@yahoo.com"
744,"William","Clark",85836,20,"Hilltop_Dr","7327364437","IrzWRvY9","william.clark@icloud.com"
243,"Amanda","Robinson",88657,48,"Lakeview_Blvd","7104093426","Gbl2Zgj0","amanda.robinson@gmail.com"
862,"Ashley","Jones",65791,1,"Oak_St","7072875704","lODWng7H","ashley.jones@hotmail.com"
888,"Amanda","Clark",79584,47,"Hilltop_Dr","7698247063","YHoW3HKg","amanda.clark@gmail.com"
792,"William","Jones",60049,21,"Lakeview_Blvd","7328717962","Lh16QNvt","william.jones@hotmail.com"
113,"David","Smith",42928,58,"Pine_St","7245003626","4I8GLpT6","david.smith@yahoo.com"
619,"Emily","Johnson",22640,78,"Sunrise_Ave","7178605923","XLZFO4zO","emily.johnson@gmail.com"
893,"Stephanie","Brown",36686,75,"Pine_St","7050332594","Ka5F3SQf","stephanie.brown@gmail.com"
151,"Michael","Miller",75667,89,"Main_St","7987898058","IaqHQCWe","michael.miller@hotmail.com"
666,"Ashley","Jones",85926,11,"Park_Ave","7597822334","3pPQO940","ashley.jones@outlook.com"
614,"Amanda","Nelson",59375,55,"Main_St","7487661319","B8BFnsiZ","amanda.nelson@yahoo.com"
767,"Andrew","Lewis",18384,21,"Lakeview_Blvd","7204453987","kcvWNDsg","andrew.lewis@hotmail.com"
160,"John","Smith",93670,52,"Sunset Dr","7226083873","OCsk6AGm","john.smith@outlook.com"
391,"Robert","Rodriguez",13017,58,"Elm_St","7366901905","oww6U8Mp","robert.rodriguez@yahoo.com"
155,"Christopher","Brown",46181,25,"Oak_St","7149372285","jxSIVAbg","christopher.brown@hotmail.com"
974,"Daniel","Rodriguez",96456,28,"Maple_St","7778022649","ru8HKYjL","daniel.rodriguez@outlook.com"
5,"Jessica","Allen",16396,20,"Oak_St","7343156857","0mtWGn9V","jessica.allen@outlook.com"
326,"Ryan","Brown",97965,58,"Lakeview_Blvd","7039612075","ZazoFE4k","ryan.brown@gmail.com"
784,"John","Garcia",63091,56,"Park_Ave","7059796414","R2shOniV","john.garcia@yahoo.com"
280,"Jessica","Robinson",62267,70,"Elm_St","7291894542","si2ii5IY","jessica.robinson@icloud.com"
800,"Elizabeth","Garcia",89428,86,"Main_St","7411029940","TkzkbNnI","elizabeth.garcia@yahoo.com"
789,"Jennifer","Rodriguez",12959,55,"Oak_St","7638858227","9Ff5RQPh","jennifer.rodriguez@yahoo.com"
567,"Jane","Miller",54156,24,"Maple_St","7315407578","iz4Du5zz","jane.miller@yahoo.com"
843,"Amanda","Brown",41771,24,"Sunset Dr","7652556566","KshTylBk","amanda.brown@yahoo.com"
238,"Michael","Clark",30785,34,"Park_Ave","7029975980","WZzsATpf","michael.clark@hotmail.com"
764,"David","Young",78496,68,"Maple_St","7188529295","guM4d2Mu","david.young@gmail.com"
339,"Jessica","Davis",84405,19,"Park_Ave","7773980722","mqIc2Pnl","jessica.davis@outlook.com"
920,"Emily","Garcia",25178,3,"Maple_St","7757636718","s3XKCBJz","emily.garcia@yahoo.com"
822,"Andrew","Jones",10531,64,"Elm_St","7763251749","585Ds812","andrew.jones@hotmail.com"
137,"Stephanie","Robinson",74845,24,"Lakeview_Blvd","7396116040","iWLo5RPz","stephanie.robinson@yahoo.com"
455,"Christopher","Robinson",81224,27,"Sunrise_Ave","7846530799","Q2sZzRxw","christopher.robinson@hotmail.com"
738,"Amanda","Scott",45525,6,"Pine_St","7183733394","wYw9pcKR","amanda.scott@icloud.com"
560,"Robert","Davis",27815,52,"Sunrise_Ave","7259402979","Za35DjBx","robert.davis@icloud.com"
589,"Andrew","Wilson",72105,96,"Maple_St","7459142101","8Ovrgubp","andrew.wilson@yahoo.com"
83,"Ashley","Scott",74203,87,"Oak_St","7372022619","UEp0opBN","ashley.scott@icloud.com"
696,"Emily","Lewis",30577,74,"Oak_St","7652618607","1T7RJVU6","emily.lewis@icloud.com"
867,"Stephanie","Clark",52044,22,"Sunrise_Ave","7352037627","vWjNkgn1","stephanie.clark@icloud.com"
196,"Daniel","Moore",26857,48,"Oak_St","7080381654","R68VBR5P","daniel.moore@hotmail.com"
769,"Matthew","Johnson",65080,21,"Park_Ave","7921820621","6u4OnN69","matthew.johnson@gmail.com"
680,"Matthew","Garcia",60785,49,"Hilltop_Dr","7849601851","jHzrQxQw","matthew.garcia@icloud.com"
900,"William","Jones",52045,85,"Sunset Dr","7284042991","nFUrD54C","william.jones@outlook.com"
926,"Ryan","Scott",90383,79,"Sunset Dr","7956933354","XcKyeWbq","ryan.scott@hotmail.com"
500,"Matthew","Miller",67524,25,"Elm_St","7808660823","tTjVsfWw","matthew.miller@outlook.com"
852,"Jessica","Williams",11681,7,"Lakeview_Blvd","7529764658","nDOORcWW","jessica.williams@outlook.com"
344,"David","Scott",83363,89,"Lakeview_Blvd","7211867549","867RNk4Q","david.scott@outlook.com"
966,"Matthew","Robinson",69641,47,"Park_Ave","7885318415","XXm5BKWD","matthew.robinson@gmail.com"
459,"Matthew","Wilson",90746,48,"Maple_St","7673261109","3cpLMIwo","matthew.wilson@hotmail.com"
20,"Emily","Scott",74982,72,"Maple_St","7097928890","WUyyd1Qr","emily.scott@hotmail.com"
996,"William","Brown",15820,29,"Lakeview_Blvd","7437454825","qah6HZla","william.brown@outlook.com"
164,"Emily","Davis",66134,1,"Main_St","7262127940","jPeVMtTe","emily.davis@yahoo.com"
52,"Sarah","Nelson",43126,40,"Lakeview_Blvd","7623887115","o8rCc0Dj","sarah.nelson@yahoo.com"
534,"Emily","Garcia",64034,39,"Elm_St","7087472925","mNYdsa3F","emily.garcia@icloud.com"
177,"Jane","Miller",90734,46,"Sunrise_Ave","7154049792","EShp5Kzc","jane.miller@icloud.com"
554,"Robert","Johnson",43280,5,"Oak_St","7931897159","CWf025z9","robert.johnson@yahoo.com"
84,"Jessica","Wright",12355,67,"Main_St","7155801033","lrICbJEn","jessica.wright@gmail.com"
523,"Robert","Davis",61024,75,"Pine_St","7527972998","2f8EB0sn","robert.davis@icloud.com"
633,"Sarah","Williams",14306,37,"Sunset Dr","7864681309","g0MmOXrZ","sarah.williams@yahoo.com"
392,"Samantha","Williams",36888,83,"Elm_St","7566583044","9VimAzld","samantha.williams@outlook.com"
302,"Sarah","Walker",41233,91,"Hilltop_Dr","7895000274","txKqfQ0D","sarah.walker@gmail.com"
597,"Andrew","Garcia",41421,56,"Oak_St","7536733422","cYcufMtU","andrew.garcia@hotmail.com"
706,"Michael","Wilson",79331,82,"Hilltop_Dr","7289656229","AHuKAD3F","michael.wilson@icloud.com"
864,"Samantha","Lewis",62349,83,"Sunset Dr","7090441295","zcn1myjW","samantha.lewis@yahoo.com"
837,"Emily","Nelson",77948,43,"Sunset Dr","7002639668","Piqfvg3d","emily.nelson@icloud.com"
430,"Samantha","Johnson",61775,43,"Main_St","7819008382","7uEGhy0a","samantha.johnson@hotmail.com"
710,"Andrew","Lewis",27598,45,"Sunset Dr","7692289580","RK4uMZ38","andrew.lewis@icloud.com"
761,"William","Davis",37848,81,"Sunset Dr","7571440684","s0OTQpv7","william.davis@yahoo.com"
712,"Christopher","Wright",80173,4,"Pine_St","7157469407","C03qGJF3","christopher.wright@icloud.com"
428,"Emily","Rodriguez",15917,18,"Main_St","7956636944","dUNG4HQ3","emily.rodriguez@outlook.com"
672,"Daniel","Nelson",38783,36,"Maple_St","7225778290","iu5Kqglu","daniel.nelson@icloud.com"
250,"Andrew","Wright",65797,97,"Elm_St","7825582686","v6NPfqB2","andrew.wright@yahoo.com"
429,"Christopher","Young",97728,28,"Lakeview_Blvd","7748031429","Os9ir740","christopher.young@gmail.com"
398,"Matthew","Allen",42370,56,"Sunrise_Ave","7139679060","j3FU9Tv0","matthew.allen@outlook.com"
928,"William","Allen",70189,88,"Pine_St","7652678631","XxdYZ5k8","william.allen@icloud.com"
381,"Stephanie","Williams",28453,49,"Sunrise_Ave","7818043689","vnWJtv09","stephanie.williams@hotmail.com"
545,"Robert","Miller",29348,68,"Elm_St","7338804979","jffrZCYd","robert.miller@icloud.com"
40,"Emily","Young",56751,33,"Sunrise_Ave","7028435737","KEGvrhQd","emily.young@outlook.com"
522,"Christopher","Lewis",25563,42,"Park_Ave","7683993464","sdL89evx","christopher.lewis@outlook.com"
473,"Andrew","Allen",32541,77,"Park_Ave","7727164718","SNts6Dd1","andrew.allen@icloud.com"
200,"Ashley","Scott",96837,11,"Sunrise_Ave","7633452734","NDy1uFiD","ashley.scott@hotmail.com"
125,"William","Smith",14573,52,"Pine_St","7189069968","INp6lw4N","william.smith@hotmail.com"
265,"Emily","Lewis",75809,29,"Maple_St","7250946629","sGnUQvzh","emily.lewis@icloud.com"
959,"John","Scott",93891,53,"Pine_St","7119320381","pgI4pYe5","john.scott@hotmail.com"
186,"Andrew","Rodriguez",83225,21,"Maple_St","7555572210","Qv0rKfVi","andrew.rodriguez@outlook.com"
573,"Andrew","Miller",30815,90,"Oak_St","7347670734","lBdEawv6","andrew.miller@icloud.com"
252,"Daniel","Nelson",18619,11,"Hilltop_Dr","7717950100","Ta9IJUQn","daniel.nelson@icloud.com"
458,"Jennifer","Garcia",99239,93,"Hilltop_Dr","7930171637","Hf1yiomT","jennifer.garcia@icloud.com"
152,"Elizabeth","Scott",38840,52,"Main_St","7088439909","E0fTNlNN","elizabeth.scott@hotmail.com"
54,"Amanda","Lewis",78890,12,"Sunset Dr","7885996184","jvfcHSE9","amanda.lewis@yahoo.com"
538,"Jessica","Lewis",34457,15,"Oak_St","7082730415","h195Etuo","jessica.lewis@gmail.com"
235,"Amanda","Johnson",92245,1,"Maple_St","7658390492","YkKF7elK","amanda.johnson@outlook.com"
289,"Robert","Miller",89297,83,"Sunrise_Ave","7497154842","HuXrsPP5","robert.miller@gmail.com"
185,"Robert","Rodriguez",25982,42,"Elm_St","7654914040","qz7d2hcM","robert.rodriguez@yahoo.com"
765,"Matthew","Rodriguez",18831,99,"Hilltop_Dr","7120744091","skIhOkpZ","matthew.rodriguez@gmail.com"
413,"Andrew","Davis",74013,37,"Hilltop_Dr","7093678823","K981ChQ8","andrew.davis@icloud.com"
627,"Samantha","Clark",77505,49,"Maple_St","7300868516","3rnCi3nU","samantha.clark@gmail.com"
794,"David","Moore",90081,21,"Hilltop_Dr","7478301098","wipnveMY","david.moore@yahoo.com"
981,"David","Garcia",68368,48,"Sunset Dr","7759372294","sR5LjxwQ","david.garcia@yahoo.com"
783,"Ashley","Jones",96769,90,"Sunrise_Ave","7063823609","yKcZmA8E","ashley.jones@hotmail.com"
205,"Jane","Allen",19820,21,"Sunrise_Ave","7994699647","3jU6c8Rm","jane.allen@yahoo.com"
904,"Sarah","Moore",57969,28,"Elm_St","7045419070","Dt64pkqi","sarah.moore@gmail.com"
564,"John","Allen",95925,20,"Sunset Dr","7332620526","RUxPVMpy","john.allen@outlook.com"
857,"Jennifer","Walker",62473,57,"Maple_St","7505574875","FpjmkUcl","jennifer.walker@outlook.com"
908,"Jessica","Moore",67790,67,"Oak_St","7328891342","rlRi1CMI","jessica.moore@yahoo.com"
727,"David","Moore",39283,64,"Pine_St","7633558453","m2152zVa","david.moore@outlook.com"
346,"Matthew","Brown",48702,45,"Sunrise_Ave","7591474837","XNtcT3hA","matthew.brown@outlook.com"
858,"John","Johnson",27848,94,"Elm_St","7510484448","bzlYoY5s","john.johnson@hotmail.com"
468,"Matthew","Lewis",49643,83,"Sunrise_Ave","7334593316","F2oo0d05","matthew.lewis@outlook.com"
509,"Ryan","Wilson",21705,4,"Park_Ave","7427509407","YAV6MInk","ryan.wilson@hotmail.com"
57,"Amanda","Williams",99899,96,"Park_Ave","7091789475","sYq2QwUL","amanda.williams@hotmail.com"
457,"John","Nelson",81394,65,"Sunset Dr","7392976357","cI1L9wmX","john.nelson@yahoo.com"
617,"Andrew","Johnson",19541,98,"Pine_St","7628820356","b35Ztzgt","andrew.johnson@outlook.com"
357,"Jane","Brown",50101,84,"Main_St","7500139070","GKVFWcNT","jane.brown@yahoo.com"
279,"David","Robinson",43869,61,"Sunrise_Ave","7520952386","QQR1kmqY","david.robinson@icloud.com"
270,"John","Garcia",41399,67,"Oak_St","7932377329","hjxPjdcd","john.garcia@icloud.com"
646,"Amanda","Moore",93077,64,"Maple_St","7802013747","nRRWlsyK","amanda.moore@yahoo.com"
347,"Michael","Johnson",45317,47,"Hilltop_Dr","7092368180","PyqqVLEx","michael.johnson@yahoo.com"
129,"Jennifer","Jones",20387,75,"Sunrise_Ave","7640183871","ssfxNIxi","jennifer.jones@hotmail.com"
218,"Emily","Williams",77926,28,"Sunrise_Ave","7167296432","1TTIPpRC","emily.williams@outlook.com"
618,"William","Jones",86803,22,"Sunrise_Ave","7030271901","Xiy71Lqu","william.jones@outlook.com"
698,"Samantha","Brown",33171,1,"Elm_St","7185830980","D1pOK6nM","samantha.brown@yahoo.com"
337,"Christopher","Walker",98895,87,"Lakeview_Blvd","7838780610","PDGj6W99","christopher.walker@gmail.com"
976,"Robert","Young",41616,29,"Lakeview_Blvd","7390302481","MoUKh8TY","robert.young@gmail.com"
539,"Samantha","Walker",30815,100,"Elm_St","7742778877","t66OiQo4","samantha.walker@gmail.com"
975,"Amanda","Brown",86113,41,"Maple_St","7985726291","heRVJV4v","amanda.brown@icloud.com"
861,"William","Allen",22019,18,"Main_St","7145827204","3qk2N242","william.allen@gmail.com"
553,"Sarah","Young",22856,37,"Park_Ave","7835591240","hRmY0Bx7","sarah.young@hotmail.com"
724,"William","Rodriguez",31644,23,"Sunset Dr","7098501539","tS6WD0ap","william.rodriguez@icloud.com"
390,"David","Young",55246,18,"Lakeview_Blvd","7260021587","dx7dG0zQ","david.young@icloud.com"
498,"Jane","Jones",89138,39,"Pine_St","7777993336","pGu9DuN3","jane.jones@hotmail.com"
222,"Ryan","Nelson",21137,31,"Park_Ave","7511237543","5GdjT1zP","ryan.nelson@icloud.com"
899,"Sarah","Lewis",61647,47,"Lakeview_Blvd","7346883579","NPVAAOak","sarah.lewis@yahoo.com"
657,"Stephanie","Smith",67634,56,"Main_St","7300454952","DO9RSaBr","stephanie.smith@hotmail.com"
421,"Jessica","Nelson",92919,75,"Sunset Dr","7099526810","CYh6ryod","jessica.nelson@outlook.com"
762,"David","Davis",98729,93,"Maple_St","7731386574","UmXZDhcC","david.davis@outlook.com"
660,"Elizabeth","Garcia",96974,98,"Main_St","7676594658","q6AtqIFW","elizabeth.garcia@yahoo.com"
163,"Michael","Young",44166,42,"Lakeview_Blvd","7698260365","fp5CZjuI","michael.young@icloud.com"
846,"Michael","Lewis",42690,2,"Maple_St","7230559874","TH3GwtCu","michael.lewis@icloud.com"
673,"William","Rodriguez",35109,80,"Sunset Dr","7358752857","AuGi90Zi","william.rodriguez@icloud.com"
578,"Matthew","Garcia",92783,42,"Elm_St","7474303326","dyMZn1fs","matthew.garcia@outlook.com"
913,"Robert","Scott",53650,15,"Sunrise_Ave","7478460429","6fkH65SN","robert.scott@yahoo.com"
878,"Ashley","Wright",30198,62,"Hilltop_Dr","7510596248","OgD4rPVi","ashley.wright@icloud.com"
225,"Daniel","Scott",65512,99,"Sunrise_Ave","7714215646","hBTmBbie","daniel.scott@yahoo.com"
389,"Jane","Miller",53649,50,"Elm_St","7938041042","DYn2zwdT","jane.miller@hotmail.com"
117,"Daniel","Davis",95919,58,"Sunset Dr","7983053051","kyfKtQ6s","daniel.davis@icloud.com"
771,"Emily","Johnson",18522,41,"Pine_St","7560787094","AwWFTM7L","emily.johnson@hotmail.com"
885,"Ashley","Moore",43483,47,"Maple_St","7664637208","2mJiwIz9","ashley.moore@yahoo.com"
55,"Elizabeth","Lewis",92321,65,"Oak_St","7776337615","nY3TlpI4","elizabeth.lewis@outlook.com"
947,"John","Walker",93846,84,"Elm_St","7637033494","YhkpwfYA","john.walker@yahoo.com"
811,"Jane","Wright",38108,81,"Pine_St","7386319880","E6mqnyo7","jane.wright@icloud.com"
557,"Jennifer","Lewis",15111,79,"Lakeview_Blvd","7273510944","sec9ABYm","jennifer.lewis@yahoo.com"
658,"Jane","Davis",24036,97,"Oak_St","7657672787","29s9gqlJ","jane.davis@yahoo.com"
682,"Jessica","Rodriguez",96281,19,"Pine_St","7402845351","YO0UGGpj","jessica.rodriguez@hotmail.com"
1000,"Ryan","Davis",20624,29,"Oak_St","7217246001","OTnUAnbY","ryan.davis@outlook.com"
134,"Matthew","Rodriguez",70422,67,"Sunrise_Ave","7012667939","IfG4QTxN","matthew.rodriguez@outlook.com"
891,"David","Garcia",59245,21,"Hilltop_Dr","7122951765","ZfaYwXNS","david.garcia@hotmail.com"
688,"Elizabeth","Lewis",60240,19,"Lakeview_Blvd","7632656619","h2EmnN5O","elizabeth.lewis@icloud.com"
447,"John","Robinson",78021,51,"Hilltop_Dr","7298907120","TCrcuuSR","john.robinson@gmail.com"
104,"Ashley","Nelson",96945,47,"Oak_St","7077061434","0dw4GAlI","ashley.nelson@yahoo.com"
716,"Emily","Davis",56404,10,"Hilltop_Dr","7011404414","2pKYwUdJ","emily.davis@yahoo.com"
845,"Emily","Wilson",64005,40,"Sunrise_Ave","7819725394","d4oe5qVO","emily.wilson@gmail.com"
210,"Elizabeth","Garcia",96307,76,"Sunrise_Ave","7249336310","gJsECBal","elizabeth.garcia@outlook.com"
349,"Daniel","Johnson",55664,76,"Sunset Dr","7959240856","kzz2wr0S","daniel.johnson@icloud.com"
401,"Sarah","Wilson",27939,52,"Sunset Dr","7757166048","VNZYnSFT","sarah.wilson@yahoo.com"
258,"Matthew","Rodriguez",38977,57,"Lakeview_Blvd","7251938640","qzFcSqjB","matthew.rodriguez@yahoo.com"
915,"Christopher","Young",43858,85,"Main_St","7660206085","GAXKwxJf","christopher.young@hotmail.com"
386,"Ashley","Davis",28967,28,"Sunrise_Ave","7812251386","7ilKDROZ","ashley.davis@icloud.com"
941,"William","Brown",73884,100,"Lakeview_Blvd","7482250102","h3gos5Fp","william.brown@gmail.com"
24,"Emily","Johnson",51844,4,"Park_Ave","7648965197","NZF1QuyS","emily.johnson@hotmail.com"
466,"Daniel","Allen",75844,8,"Oak_St","7077962569","TkUohw6m","daniel.allen@gmail.com"
130,"Jessica","Smith",68437,8,"Sunset Dr","7534011558","pYT7Eoea","jessica.smith@gmail.com"
886,"Matthew","Davis",36043,73,"Oak_St","7738791083","QrRNSRwL","matthew.davis@outlook.com"
943,"William","Moore",34891,10,"Lakeview_Blvd","7108811245","HMp8ZPOI","william.moore@yahoo.com"
377,"Daniel","Clark",58216,84,"Elm_St","7071745346","GwM6ORrV","daniel.clark@gmail.com"
170,"Jessica","Brown",99837,17,"Park_Ave","7550434986","DNwBQXFS","jessica.brown@gmail.com"
445,"Michael","Brown",67604,89,"Pine_St","7498235541","EYZoxsPj","michael.brown@yahoo.com"
234,"Daniel","Miller",31039,90,"Elm_St","7121160545","ShaSWGEc","daniel.miller@hotmail.com"
422,"Samantha","Scott",20249,27,"Sunset Dr","7446612062","pB6NAsLT","samantha.scott@icloud.com"
508,"Andrew","Moore",60423,34,"Main_St","7376090378","OHqGGiQq","andrew.moore@hotmail.com"
910,"Emily","Allen",49986,79,"Main_St","7785023002","Mgwqvj8S","emily.allen@gmail.com"
80,"Michael","Wilson",53389,82,"Elm_St","7954434690","fS6KCvH8","michael.wilson@hotmail.com"
894,"Ashley","Robinson",75027,54,"Sunset Dr","7061450381","CiadNMck","ashley.robinson@outlook.com"
548,"Michael","Garcia",29060,49,"Pine_St","7787573424","tOsj1YOU","michael.garcia@hotmail.com"
475,"Emily","Robinson",34465,57,"Sunset Dr","7727786892","gdsnHXYC","emily.robinson@hotmail.com"
903,"Ryan","Moore",65048,72,"Elm_St","7873348574","w9ZCyk0e","ryan.moore@outlook.com"
343,"Stephanie","Moore",10608,23,"Sunrise_Ave","7482532733","yA0KsSrt","stephanie.moore@gmail.com"
323,"Sarah","Davis",37994,99,"Pine_St","7169694098","LyMwdeZv","sarah.davis@hotmail.com"
479,"Sarah","Jones",97508,80,"Sunrise_Ave","7430598086","aEuwaR1A","sarah.jones@outlook.com"
838,"Emily","Moore",69426,69,"Elm_St","7689631649","f0Nmn6BH","emily.moore@icloud.com"
450,"Stephanie","Young",84335,9,"Sunset Dr","7259998115","OX3k4l2L","stephanie.young@yahoo.com"
111,"Jessica","Jones",44741,62,"Lakeview_Blvd","7534833547","VR0GtcFY","jessica.jones@gmail.com"
317,"Jennifer","Clark",37523,48,"Maple_St","7164731142","VmsCc4fx","jennifer.clark@yahoo.com"
741,"Stephanie","Moore",80759,94,"Elm_St","7186097088","G46Tj4Qa","stephanie.moore@hotmail.com"
287,"Daniel","Clark",92973,18,"Maple_St","7815123135","UMC6H60G","daniel.clark@yahoo.com"
585,"Emily","Brown",78489,8,"Pine_St","7830177093","3Z3OQA8R","emily.brown@yahoo.com"
292,"Elizabeth","Wright",69672,96,"Pine_St","7204241688","eAVEJ33J","elizabeth.wright@gmail.com"
226,"Michael","Moore",16383,82,"Park_Ave","7911384332","F8oigzNo","michael.moore@yahoo.com"
297,"William","Allen",21700,66,"Hilltop_Dr","7197483947","0KJm0lxq","william.allen@icloud.com"
605,"Emily","Johnson",53992,51,"Main_St","7168515457","VwtKQjyX","emily.johnson@yahoo.com"
637,"John","Smith",48930,98,"Sunset Dr","7216323019","B4nPUXlC","john.smith@icloud.com"
834,"Jane","Wilson",52367,63,"Elm_St","7242205618","5ozqcwJy","jane.wilson@gmail.com"
237,"Matthew","Williams",53819,33,"Main_St","7457934438","7P3U2k2E","matthew.williams@outlook.com"
700,"Ashley","Brown",89083,93,"Oak_St","7779540475","VxrSdW1E","ashley.brown@gmail.com"
809,"David","Wilson",47997,9,"Oak_St","7765856926","XuvNqXxf","david.wilson@icloud.com"
33,"Samantha","Clark",91297,47,"Sunrise_Ave","7884281064","fw0ujoaM","samantha.clark@icloud.com"
836,"Stephanie","Nelson",54469,39,"Elm_St","7519860713","2bRuFaKJ","stephanie.nelson@hotmail.com"
396,"Sarah","Wilson",19072,88,"Pine_St","7166357940","gwHmFq4i","sarah.wilson@hotmail.com"
935,"Sarah","Rodriguez",39906,61,"Oak_St","7503961606","Z8hQiSsy","sarah.rodriguez@icloud.com"
917,"John","Young",56847,20,"Hilltop_Dr","7751916877","0OVF55jE","john.young@hotmail.com"
76,"Daniel","Lewis",94560,43,"Oak_St","7447977048","WV8ILwvI","daniel.lewis@icloud.com"
94,"Sarah","Walker",70919,48,"Main_St","7548023874","IF29rosp","sarah.walker@outlook.com"
30,"Daniel","Walker",42799,26,"Park_Ave","7089903632","G5w6Qo6x","daniel.walker@hotmail.com"
723,"Robert","Allen",64742,15,"Pine_St","7914887308","NDb3iYeu","robert.allen@gmail.com"
175,"Michael","Brown",50632,90,"Oak_St","7818415001","tDa7hvqJ","michael.brown@gmail.com"
916,"Andrew","Garcia",67781,66,"Sunrise_Ave","7950561871","QGDVOQ5g","andrew.garcia@icloud.com"
685,"Jessica","Rodriguez",98258,46,"Hilltop_Dr","7525024121","WsgB93Bt","jessica.rodriguez@hotmail.com"
115,"Andrew","Jones",13947,78,"Elm_St","7182516036","8zTMvpGT","andrew.jones@outlook.com"
751,"David","Wright",20035,88,"Oak_St","7746335569","G7UTAqqn","david.wright@hotmail.com"
608,"Andrew","Robinson",34949,14,"Main_St","7935501637","NfsZjgmY","andrew.robinson@icloud.com"
465,"Daniel","Miller",51755,41,"Park_Ave","7992658670","4K2mWfMy","daniel.miller@gmail.com"
358,"David","Nelson",37057,70,"Lakeview_Blvd","7060707089","MbSZwuJ6","david.nelson@gmail.com"
902,"Jessica","Nelson",22928,54,"Oak_St","7322039207","Gpw6aqah","jessica.nelson@yahoo.com"
96,"Amanda","Wright",68968,46,"Hilltop_Dr","7677455772","6gl2s7ly","amanda.wright@yahoo.com"
782,"Daniel","Miller",95565,40,"Lakeview_Blvd","7191090314","7Uv2NQxM","daniel.miller@gmail.com"
397,"Ryan","Garcia",91396,56,"Elm_St","7025602577","gxfVyysd","ryan.garcia@outlook.com"
404,"Matthew","Davis",83417,77,"Park_Ave","7060957497","g7DboKmm","matthew.davis@outlook.com"
148,"Christopher","Lewis",55060,64,"Park_Ave","7754154007","IaPNOy37","christopher.lewis@gmail.com"
813,"Jennifer","Brown",64536,56,"Maple_St","7542239954","k64EdN37","jennifer.brown@yahoo.com"
968,"Samantha","Lewis",73457,39,"Lakeview_Blvd","7156516658","plnFyP7D","samantha.lewis@icloud.com"
714,"John","Moore",42861,42,"Oak_St","7809491306","pkPqaYLn","john.moore@hotmail.com"
338,"Jessica","Rodriguez",94809,82,"Elm_St","7827872798","eH8MBfnj","jessica.rodriguez@gmail.com"
869,"Christopher","Garcia",92886,70,"Park_Ave","7753561542","03OsKGlP","christopher.garcia@hotmail.com"
106,"Elizabeth","Rodriguez",38510,100,"Pine_St","7552193641","fU56vlqQ","elizabeth.rodriguez@outlook.com"
11,"John","Allen",35648,74,"Oak_St","7914444669","vWAKygse","john.allen@yahoo.com"
625,"Jessica","Rodriguez",34446,33,"Sunrise_Ave","7864153265","sq7FTtZV","jessica.rodriguez@yahoo.com"
364,"Daniel","Clark",95628,69,"Park_Ave","7096818313","54QEmic8","daniel.clark@yahoo.com"
705,"Jessica","Wright",20789,46,"Elm_St","7503010692","a1vODhmp","jessica.wright@icloud.com"
403,"Michael","Scott",15375,43,"Elm_St","7112787111","r35k1IpB","michael.scott@yahoo.com"
461,"Andrew","Lewis",55228,12,"Sunset Dr","7491611209","OIzRcVUR","andrew.lewis@gmail.com"
704,"Jennifer","Johnson",52208,66,"Oak_St","7979503863","2CCb5bza","jennifer.johnson@outlook.com"
31,"David","Smith",18145,96,"Park_Ave","7451177950","6NjYu4NF","david.smith@hotmail.com"
655,"Andrew","Nelson",68594,20,"Maple_St","7301048011","Y38BUMMy","andrew.nelson@icloud.com"
661,"Amanda","Allen",35984,93,"Sunrise_Ave","7943773840","DViPCG3C","amanda.allen@hotmail.com"
16,"William","Walker",16365,6,"Maple_St","7906937042","nKZs3sEN","william.walker@outlook.com"
420,"Jessica","Miller",68310,85,"Maple_St","7709577090","nX9amLNR","jessica.miller@gmail.com"
882,"Jessica","Williams",84159,66,"Lakeview_Blvd","7812055470","4Vgr0XGm","jessica.williams@icloud.com"
417,"Elizabeth","Clark",35985,47,"Maple_St","7532280366","SxbIblXH","elizabeth.clark@hotmail.com"
464,"Sarah","Brown",96124,65,"Main_St","7714755166","u1x5xU5n","sarah.brown@yahoo.com"
412,"Daniel","Rodriguez",61804,87,"Pine_St","7682036419","DY6iKyc3","daniel.rodriguez@outlook.com"
810,"Stephanie","Allen",22646,85,"Maple_St","7652228880","ZxPmRhKR","stephanie.allen@yahoo.com"
524,"Jessica","Williams",92102,19,"Park_Ave","7671594643","CfEwCbIw","jessica.williams@icloud.com"
437,"Robert","Brown",10922,100,"Hilltop_Dr","7962478984","5gtQyU5r","robert.brown@icloud.com"
732,"Robert","Miller",58530,95,"Maple_St","7372164926","t6XZVeWp","robert.miller@outlook.com"
562,"Emily","Allen",12323,17,"Main_St","7540157993","f4XMCjY5","emily.allen@gmail.com"
204,"John","Davis",39005,79,"Pine_St","7416357177","ovPA6P3s","john.davis@yahoo.com"
720,"William","Johnson",11667,16,"Hilltop_Dr","7128498532","jrT3HraC","william.johnson@gmail.com"
965,"Elizabeth","Scott",83684,23,"Lakeview_Blvd","7861375076","FGSeb91A","elizabeth.scott@yahoo.com"
624,"Daniel","Moore",93318,20,"Pine_St","7348741130","A95v6Gw5","daniel.moore@gmail.com"
384,"Ashley","Walker",78643,63,"Pine_St","7181498430","s1mDMEsA","ashley.walker@outlook.com"
122,"Robert","Miller",20470,82,"Sunset Dr","7676485458","6v1x0lap","robert.miller@hotmail.com"
399,"David","Johnson",81286,20,"Park_Ave","7213325002","VYDwglWw","david.johnson@outlook.com"
634,"John","Lewis",18545,93,"Sunset Dr","7757777277","NTtZvPqq","john.lewis@yahoo.com"
315,"Christopher","Wilson",97504,73,"Main_St","7460569844","iG9hOKT8","christopher.wilson@icloud.com"
259,"Ashley","Wilson",22870,87,"Sunset Dr","7438370093","YNrk4L5B","ashley.wilson@gmail.com"
494,"Matthew","Lewis",80836,48,"Lakeview_Blvd","7288625000","TU4YrLQH","matthew.lewis@yahoo.com"
780,"Daniel","Nelson",66191,16,"Lakeview_Blvd","7687233343","0SPjaxDI","daniel.nelson@yahoo.com"
48,"Elizabeth","Johnson",89116,43,"Sunrise_Ave","7382041104","6GVCtlJf","elizabeth.johnson@icloud.com"
331,"John","Miller",12171,61,"Elm_St","7485078702","rXvy6NoD","john.miller@yahoo.com"
100,"Jane","Clark",23999,2,"Park_Ave","7850404679","SCbKxJp7","jane.clark@outlook.com"
108,"Michael","Wilson",39551,74,"Elm_St","7147625497","JX4GdahP","michael.wilson@outlook.com"
301,"Ryan","Nelson",66309,35,"Maple_St","7388839092","tPvjafZJ","ryan.nelson@icloud.com"
10,"William","Robinson",46501,99,"Elm_St","7631734337","ftrBZYL2","william.robinson@icloud.com"
697,"Stephanie","Lewis",44366,53,"Hilltop_Dr","7499781221","9tVnUpVd","stephanie.lewis@hotmail.com"
851,"Andrew","Smith",43001,5,"Elm_St","7709635789","LGHnpTRo","andrew.smith@outlook.com"
980,"Samantha","Johnson",43562,98,"Hilltop_Dr","7505821450","wmDI2BRB","samantha.johnson@yahoo.com"
402,"John","Wright",80517,88,"Sunset Dr","7503031722","o2Rv36Hv","john.wright@gmail.com"
889,"Daniel","Davis",49001,88,"Sunrise_Ave","7343335067","Ulu3rFny","daniel.davis@yahoo.com"
804,"Amanda","Jones",59785,89,"Sunset Dr","7676343767","gNC4ndto","amanda.jones@gmail.com"
925,"Jennifer","Allen",47682,23,"Elm_St","7828059304","llsJciqu","jennifer.allen@icloud.com"
395,"Andrew","Jones",26598,65,"Elm_St","7062159456","v6AWwMm8","andrew.jones@icloud.com"
986,"Emily","Lewis",32822,26,"Sunrise_Ave","7485776372","l4W7AO6A","emily.lewis@outlook.com"
8,"John","Brown",11988,77,"Hilltop_Dr","7733250610","c4RgrMUd","john.brown@hotmail.com"
261,"Jane","Brown",31984,14,"Maple_St","7920012485","MnvCOhF9","jane.brown@icloud.com"
541,"Emily","Garcia",77024,80,"Pine_St","7252006193","kFv3AmO3","emily.garcia@gmail.com"
306,"Daniel","Smith",13347,93,"Sunset Dr","7153308661","MBVJdplL","daniel.smith@yahoo.com"
853,"Ashley","Scott",59982,92,"Oak_St","7262434717","qIEuU9ma","ashley.scott@outlook.com"
883,"Amanda","Young",62373,93,"Oak_St","7048268117","HOfzxa5y","amanda.young@gmail.com"
282,"Ashley","Allen",34005,44,"Main_St","7062111176","lNT79EbQ","ashley.allen@yahoo.com"
267,"Stephanie","Robinson",54141,52,"Pine_St","7350721153","Tb9AVIiB","stephanie.robinson@hotmail.com"
262,"Elizabeth","Rodriguez",56701,97,"Hilltop_Dr","7743615190","QdxZw5EC","elizabeth.rodriguez@icloud.com"
760,"Michael","Young",53605,44,"Sunrise_Ave","7046083046","uCtUGUwu","michael.young@outlook.com"
219,"Andrew","Robinson",72986,12,"Main_St","7029784392","xrjMoR9M","andrew.robinson@icloud.com"
352,"Jennifer","Walker",85994,66,"Hilltop_Dr","7127373138","yRHSMnhP","jennifer.walker@outlook.com"
119,"Daniel","Garcia",71177,35,"Sunset Dr","7690822421","XFxnEKIS","daniel.garcia@gmail.com"
452,"Stephanie","Wright",53017,89,"Hilltop_Dr","7796086152","bYiqzS6R","stephanie.wright@icloud.com"
36,"Robert","Allen",91827,37,"Elm_St","7652837545","rdoDrU6j","robert.allen@hotmail.com"
870,"Matthew","Johnson",82034,42,"Lakeview_Blvd","7081724195","dVJI29BT","matthew.johnson@yahoo.com"
961,"Emily","Clark",23031,93,"Park_Ave","7571140267","9owrEuoi","emily.clark@hotmail.com"
240,"Amanda","Smith",36850,45,"Oak_St","7504864829","j5DhhSiM","amanda.smith@yahoo.com"
304,"Matthew","Walker",12849,99,"Elm_St","7691515186","7nlXUIPQ","matthew.walker@yahoo.com"
600,"Robert","Garcia",57190,61,"Elm_St","7970298826","BJQd85Uf","robert.garcia@hotmail.com"
694,"David","Garcia",74306,8,"Sunrise_Ave","7595394928","RpOHr9GA","david.garcia@gmail.com"
105,"Ashley","Wright",43371,15,"Oak_St","7044401851","Rjn9urS1","ashley.wright@hotmail.com"
388,"Amanda","Davis",29766,60,"Elm_St","7260930252","WEr8cUdA","amanda.davis@yahoo.com"
934,"Samantha","Walker",32609,93,"Hilltop_Dr","7351013117","OlXwViip","samantha.walker@icloud.com"
180,"Daniel","Allen",81598,32,"Sunrise_Ave","7729860328","RRN2TYKu","daniel.allen@outlook.com"
906,"Jessica","Garcia",95089,63,"Main_St","7032117230","wm80t9U2","jessica.garcia@gmail.com"
615,"Jessica","Young",17333,100,"Main_St","7294804789","1LI2st6d","jessica.young@yahoo.com"
241,"Sarah","Robinson",90730,75,"Sunrise_Ave","7558370360","Yu6ZXFqj","sarah.robinson@outlook.com"
703,"Michael","Young",70941,39,"Oak_St","7055791136","PPpZl6s6","michael.young@yahoo.com"
559,"Ashley","Lewis",29953,30,"Hilltop_Dr","7644405453","uCqrezWM","ashley.lewis@outlook.com"
37,"Jennifer","Young",35044,28,"Sunrise_Ave","7746879965","Yrd0BGHL","jennifer.young@hotmail.com"
303,"Elizabeth","Clark",29135,24,"Sunrise_Ave","7704077672","JQIfOET4","elizabeth.clark@outlook.com"
19,"Jennifer","Jones",87214,2,"Hilltop_Dr","7531097540","Dp0Xy4CT","jennifer.jones@outlook.com"
378,"Ashley","Brown",40975,84,"Main_St","7731769686","qAGwguR0","ashley.brown@hotmail.com"
549,"Christopher","Robinson",65167,52,"Sunset Dr","7404840477","jw1CaURS","christopher.robinson@icloud.com"
990,"William","Garcia",57487,73,"Oak_St","7593181328","uUMoL42w","william.garcia@hotmail.com"
733,"John","Allen",48352,23,"Sunset Dr","7078360551","ZqjyPoHX","john.allen@icloud.com"
188,"Jane","Clark",70661,73,"Oak_St","7052145840","du7ocfq4","jane.clark@icloud.com"
860,"Christopher","Scott",71730,95,"Pine_St","7029942286","QkL3Mlgj","christopher.scott@outlook.com"
393,"Jennifer","Rodriguez",75643,57,"Sunrise_Ave","7657728180","6VC84DOx","jennifer.rodriguez@icloud.com"
139,"Michael","Nelson",58717,67,"Lakeview_Blvd","7917995205","UEXmQD2S","michael.nelson@hotmail.com"
992,"Michael","Jones",43137,39,"Pine_St","7864333212","6aNbb0Zp","michael.jones@hotmail.com"
371,"Daniel","Smith",14001,50,"Lakeview_Blvd","7169817145","9rqGW7MQ","daniel.smith@hotmail.com"
189,"Daniel","Lewis",93242,14,"Maple_St","7153098446","brnEjVL9","daniel.lewis@outlook.com"
311,"Amanda","Wright",68056,12,"Lakeview_Blvd","7680855410","7nnA9jFU","amanda.wright@yahoo.com"
547,"Jane","Miller",38034,39,"Lakeview_Blvd","7288783346","s4IbOMgy","jane.miller@gmail.com"
418,"Emily","Nelson",39465,26,"Sunrise_Ave","7059003792","uNA7lzUJ","emily.nelson@outlook.com"
382,"Michael","Allen",57755,54,"Pine_St","7164853818","vupCTZDD","michael.allen@icloud.com"
38,"Daniel","Wright",91684,95,"Oak_St","7586747881","6B9eKc7F","daniel.wright@yahoo.com"
816,"Ashley","Rodriguez",24935,19,"Maple_St","7042518769","RYIMydrZ","ashley.rodriguez@yahoo.com"
319,"David","Smith",72276,92,"Sunrise_Ave","7461410562","hIHvymOs","david.smith@outlook.com"
596,"Jennifer","Miller",26935,95,"Pine_St","7537548464","UR1LruTN","jennifer.miller@gmail.com"
120,"Ryan","Garcia",71233,77,"Sunset Dr","7463325540","9AUkrUXB","ryan.garcia@outlook.com"
604,"William","Wilson",40528,48,"Park_Ave","7085744295","cDraB5O5","william.wilson@yahoo.com"
533,"Jane","Wright",64162,53,"Sunset Dr","7266206094","kU5vsu87","jane.wright@outlook.com"
441,"Daniel","Allen",50242,85,"Park_Ave","7970250382","bFZKHIal","daniel.allen@outlook.com"
199,"Andrew","Garcia",36891,12,"Maple_St","7093403774","Q5o65Ets","andrew.garcia@outlook.com"
499,"William","Jones",43003,86,"Pine_St","7191964213","OcEg8arN","william.jones@hotmail.com"
944,"Amanda","Wright",76983,73,"Sunrise_Ave","7337412038","3rYzHRDM","amanda.wright@hotmail.com"
609,"Andrew","Garcia",26728,33,"Sunset Dr","7523681748","RfWiMTEs","andrew.garcia@outlook.com"
81,"Ashley","Scott",53473,25,"Pine_St","7861809224","lbkrwzAJ","ashley.scott@yahoo.com"
942,"Christopher","Scott",50450,3,"Elm_St","7049252725","9SCJ7HyB","christopher.scott@gmail.com"
717,"Jessica","Brown",54359,17,"Main_St","7683833707","0U46D2PU","jessica.brown@yahoo.com"
650,"Elizabeth","Wilson",64891,26,"Elm_St","7508745234","RBq5tJ9G","elizabeth.wilson@yahoo.com"
6,"Stephanie","Clark",44616,51,"Sunset Dr","7910465399","aS24opBJ","stephanie.clark@hotmail.com"
128,"Jane","Young",82454,53,"Maple_St","7743857539","fv9yVUUX","jane.young@outlook.com"
49,"John","Rodriguez",99695,22,"Hilltop_Dr","7438853844","8yeCz6Vx","john.rodriguez@gmail.com"
476,"Amanda","Brown",38426,88,"Sunrise_Ave","7199115780","K3IFMEZG","amanda.brown@hotmail.com"
239,"Robert","Smith",42177,55,"Elm_St","7109384888","BGwvjfo8","robert.smith@hotmail.com"
340,"Robert","Clark",13886,3,"Oak_St","7008345190","uZ86AccC","robert.clark@hotmail.com"
193,"Sarah","Johnson",64014,87,"Pine_St","7708629116","JEh0TBl3","sarah.johnson@hotmail.com"
824,"Michael","Garcia",89553,44,"Oak_St","7106068259","3BlY2eUE","michael.garcia@icloud.com"
561,"Emily","Walker",19264,19,"Sunrise_Ave","7959505184","g3Dlvaaq","emily.walker@gmail.com"
645,"Jennifer","Wright",64182,4,"Maple_St","7383549877","3SwVcOOz","jennifer.wright@yahoo.com"
190,"Emily","Rodriguez",34673,55,"Park_Ave","7487642774","lO68Vjby","emily.rodriguez@outlook.com"
191,"John","Scott",94513,57,"Main_St","7786800702","02LsFSdP","john.scott@gmail.com"
446,"Jennifer","Nelson",56363,6,"Pine_St","7503400794","rQY0DwTr","jennifer.nelson@outlook.com"
668,"Matthew","Brown",72789,1,"Main_St","7457690688","9b9h02OH","matthew.brown@gmail.com"
630,"Robert","Walker",84062,70,"Sunset Dr","7725406281","iFbR9bJB","robert.walker@outlook.com"
571,"Michael","Allen",19310,20,"Sunrise_Ave","7268642875","roldhbNu","michael.allen@outlook.com"
512,"Amanda","Williams",24850,90,"Maple_St","7136157350","TQ8SV7eH","amanda.williams@outlook.com"
59,"Elizabeth","Wright",28216,89,"Park_Ave","7962064032","WRad07bl","elizabeth.wright@yahoo.com"
305,"Christopher","Brown",69011,58,"Oak_St","7577421533","Ni68NPZi","christopher.brown@hotmail.com"
832,"Robert","Wright",18844,56,"Sunset Dr","7481094011","AMVe7V86","robert.wright@hotmail.com"
61,"Ashley","Lewis",81078,50,"Park_Ave","7065573950","xFmo3sP1","ashley.lewis@yahoo.com"
570,"Jennifer","Moore",79382,1,"Oak_St","7876022596","YyNarXzp","jennifer.moore@yahoo.com"
591,"Samantha","Clark",42780,7,"Main_St","7481848517","HenlrkeR","samantha.clark@yahoo.com"
676,"David","Rodriguez",67478,29,"Sunrise_Ave","7993774470","gVtpXT1Q","david.rodriguez@gmail.com"
770,"Emily","Allen",69055,79,"Hilltop_Dr","7914106327","fX6ZGbPG","emily.allen@yahoo.com"
955,"David","Scott",36043,70,"Main_St","7143417314","1UQJo2GX","david.scott@yahoo.com"
510,"Elizabeth","Young",65345,42,"Sunrise_Ave","7806114312","4pNEHocH","elizabeth.young@icloud.com"
962,"Daniel","Brown",82417,77,"Maple_St","7976355964","GrENdFgq","daniel.brown@hotmail.com"
88,"Ryan","Robinson",54806,41,"Sunrise_Ave","7647899477","s9r8FPoA","ryan.robinson@yahoo.com"
132,"Christopher","Miller",71339,34,"Elm_St","7991116416","5nYO10ed","christopher.miller@outlook.com"
438,"Matthew","Jones",32106,87,"Maple_St","7894716959","8MTEbb4p","matthew.jones@icloud.com"
777,"Andrew","Johnson",73275,89,"Maple_St","7173739799","oorRbl6E","andrew.johnson@icloud.com"
788,"William","Scott",24947,59,"Park_Ave","7270934448","464vKuSR","william.scott@yahoo.com"
471,"William","Walker",32720,10,"Park_Ave","7222120682","dtmgIwrU","william.walker@hotmail.com"
251,"Jessica","Clark",54218,50,"Park_Ave","7385516538","Mb4Zlait","jessica.clark@gmail.com"
203,"Ryan","Johnson",27442,64,"Park_Ave","7984930939","X2gxv6MJ","ryan.johnson@hotmail.com"
246,"Andrew","Jones",34023,87,"Lakeview_Blvd","7978209919","qTIAupQc","andrew.jones@yahoo.com"
481,"Emily","Williams",25397,19,"Main_St","7221224769","PNjGjZvZ","emily.williams@yahoo.com"
574,"Ashley","Jones",68556,91,"Lakeview_Blvd","7747757339","gsqzksJw","ashley.jones@icloud.com"
440,"William","Brown",16062,61,"Park_Ave","7297664699","t0ATqPBt","william.brown@hotmail.com"
435,"Amanda","Nelson",39492,32,"Lakeview_Blvd","7639461606","psSbV1yl","amanda.nelson@outlook.com"
626,"Ryan","Allen",21203,60,"Lakeview_Blvd","7899926637","DNqmF5VG","ryan.allen@outlook.com"
492,"Matthew","Jones",23887,56,"Lakeview_Blvd","7247295277","RMyTt8W1","matthew.jones@gmail.com"
817,"William","Wright",48180,72,"Elm_St","7885704179","YDXI5J2p","william.wright@icloud.com"
131,"Matthew","Robinson",26374,57,"Maple_St","7089746655","QKPMEBBi","matthew.robinson@hotmail.com"
667,"Stephanie","Wilson",24317,13,"Elm_St","7172740047","T9xgMqrp","stephanie.wilson@icloud.com"
478,"Sarah","Clark",97154,56,"Elm_St","7745508977","OHcrz1ca","sarah.clark@hotmail.com"
162,"Samantha","Williams",72623,78,"Sunset Dr","7067198019","Gy2kIYqI","samantha.williams@hotmail.com"
322,"Daniel","Clark",58276,100,"Pine_St","7098273715","JUnzPq4o","daniel.clark@yahoo.com"
692,"Matthew","Wright",93654,78,"Park_Ave","7236934110","1v93VPJ8","matthew.wright@yahoo.com"
168,"Jane","Scott",90481,13,"Maple_St","7293530398","DNXL8qpV","jane.scott@gmail.com"
442,"Michael","Miller",32583,11,"Pine_St","7846783598","H7Q7B8hH","michael.miller@gmail.com"
276,"William","Smith",88848,18,"Hilltop_Dr","7666218248","eqKM1YYA","william.smith@hotmail.com"
78,"Ryan","Miller",97180,87,"Sunset Dr","7362830416","fcg4qVCu","ryan.miller@icloud.com"
957,"Robert","Brown",75901,38,"Park_Ave","7044517802","EB6an1Kh","robert.brown@gmail.com"
819,"Michael","Wright",17758,7,"Hilltop_Dr","7014102697","DlTqQhGy","michael.wright@icloud.com"
527,"Robert","Clark",73953,31,"Hilltop_Dr","7104154289","yaETsKiT","robert.clark@gmail.com"
835,"Samantha","Scott",67943,87,"Elm_St","7998532816","xhXiVPG0","samantha.scott@hotmail.com"
95,"Matthew","Clark",45894,28,"Lakeview_Blvd","7480421271","7WNjH3Ia","matthew.clark@gmail.com"
406,"Emily","Robinson",26198,72,"Park_Ave","7689699644","e7KQ0EPW","emily.robinson@gmail.com"
552,"William","Miller",82229,24,"Main_St","7775669408","ZiTHZpKn","william.miller@outlook.com"
379,"Jessica","Brown",16315,50,"Oak_St","7390808079","puMBKBot","jessica.brown@outlook.com"
342,"Matthew","Lewis",19467,23,"Pine_St","7679010039","sQKQRFEP","matthew.lewis@hotmail.com"
221,"Ryan","Young",60496,29,"Main_St","7389223907","YOxJoTji","ryan.young@icloud.com"
184,"Jessica","Rodriguez",28383,64,"Park_Ave","7016000993","gmPu2AlZ","jessica.rodriguez@hotmail.com"
161,"Jennifer","Rodriguez",37847,40,"Sunrise_Ave","7290528975","YuIFunn3","jennifer.rodriguez@yahoo.com"
504,"Elizabeth","Scott",25270,43,"Oak_St","7218856891","selGDCOl","elizabeth.scott@yahoo.com"
448,"Jennifer","Davis",29648,6,"Oak_St","7079497350","1MQ92PXC","jennifer.davis@gmail.com"
242,"Jessica","Davis",40412,5,"Maple_St","7792652878","Y1GqUS35","jessica.davis@icloud.com"
181,"William","Garcia",79469,22,"Park_Ave","7040944778","eHynjPxy","william.garcia@icloud.com"
718,"Daniel","Davis",40980,36,"Park_Ave","7188931319","RQOnsug0","daniel.davis@icloud.com"
812,"Jane","Young",44435,18,"Elm_St","7519142474","mpR9TCba","jane.young@hotmail.com"
918,"William","Garcia",34403,45,"Sunrise_Ave","7270260914","Wrm2MsB5","william.garcia@outlook.com"
930,"William","Williams",81285,1,"Main_St","7436511007","v7ErcH1m","william.williams@outlook.com"
414,"Stephanie","Miller",89287,10,"Main_St","7579917923","GpzrXNnd","stephanie.miller@hotmail.com"
407,"Ryan","Wilson",64745,74,"Pine_St","7084491989","hV4mnR9y","ryan.wilson@hotmail.com"
991,"John","Johnson",91895,38,"Oak_St","7789398339","lw7sUthz","john.johnson@outlook.com"
949,"Jessica","Walker",79145,95,"Pine_St","7693416107","NdRIi5lk","jessica.walker@icloud.com"
273,"Michael","Wright",92909,1,"Elm_St","7934159121","vQzYSduB","michael.wright@gmail.com"
187,"Amanda","Smith",90333,1,"Elm_St","7044366100","kgWQTq9b","amanda.smith@yahoo.com"
535,"Robert","Allen",57431,40,"Sunset Dr","7790665162","qNqWJs7J","robert.allen@hotmail.com"
171,"Daniel","Garcia",65902,83,"Park_Ave","7114737487","VjrGxzHs","daniel.garcia@hotmail.com"
501,"Christopher","Clark",28317,91,"Sunset Dr","7041655832","SOxqLC9j","christopher.clark@gmail.com"
753,"Michael","Walker",72700,72,"Elm_St","7154531206","d1z9EgJy","michael.walker@hotmail.com"
601,"Michael","Rodriguez",39980,34,"Park_Ave","7712527635","SqWcLogB","michael.rodriguez@gmail.com"
136,"Ryan","Scott",40192,15,"Sunrise_Ave","7668693275","FiR0khYY","ryan.scott@hotmail.com"
79,"Elizabeth","Walker",71334,29,"Hilltop_Dr","7279154102","kU5KCORh","elizabeth.walker@icloud.com"
951,"William","Wilson",94779,38,"Oak_St","7460614970","32ZOomR6","william.wilson@hotmail.com"
670,"John","Jones",60840,89,"Maple_St","7066029481","3COa6COK","john.jones@hotmail.com"
890,"Sarah","Williams",77552,47,"Maple_St","7855987094","4S1Yn7bU","sarah.williams@icloud.com"
295,"Amanda","Wilson",51385,23,"Pine_St","7496815969","7V4P6vIR","amanda.wilson@hotmail.com"
802,"Sarah","Scott",74894,89,"Sunset Dr","7927496893","sSeoAgpy","sarah.scott@hotmail.com"
505,"Elizabeth","Smith",75345,85,"Lakeview_Blvd","7560890860","5Rx5O4vd","elizabeth.smith@yahoo.com"
443,"Sarah","Wilson",73398,70,"Sunrise_Ave","7801320265","9xU8IPdP","sarah.wilson@icloud.com"
284,"Amanda","Miller",64400,15,"Pine_St","7943566768","At69Ayx8","amanda.miller@hotmail.com"
595,"Ashley","Rodriguez",75917,87,"Maple_St","7117529165","aGqLDpSO","ashley.rodriguez@hotmail.com"
87,"Matthew","Miller",89402,13,"Lakeview_Blvd","7715691562","S2OsRVcj","matthew.miller@outlook.com"
805,"Emily","Clark",94242,48,"Hilltop_Dr","7166889884","DvmOx6T1","emily.clark@yahoo.com"
651,"Emily","Brown",40401,27,"Oak_St","7573219982","hNa7Udf8","emily.brown@icloud.com"
138,"Daniel","Clark",23282,67,"Sunrise_Ave","7527280413","T5BrSStw","daniel.clark@gmail.com"
365,"Jane","Lewis",37701,59,"Main_St","7385850880","iReDSWih","jane.lewis@gmail.com"
803,"Jennifer","Young",51232,95,"Main_St","7341167256","1ZTb4ALA","jennifer.young@gmail.com"
933,"Sarah","Wright",41363,11,"Park_Ave","7767640550","5StCFgJS","sarah.wright@outlook.com"
644,"Jessica","Johnson",97012,76,"Hilltop_Dr","7202003936","tRnSMC1q","jessica.johnson@gmail.com"
754,"Jennifer","Wright",35741,59,"Park_Ave","7728279328","nWLNEqIZ","jennifer.wright@yahoo.com"
336,"William","Garcia",79009,94,"Park_Ave","7155200700","8v4198rg","william.garcia@icloud.com"
739,"Jessica","Jones",88080,5,"Lakeview_Blvd","7065855784","9INkhefF","jessica.jones@gmail.com"
232,"Andrew","Wilson",38651,61,"Oak_St","7786918085","1xvnZEqE","andrew.wilson@yahoo.com"
334,"Samantha","Williams",14712,93,"Maple_St","7126908388","AcK1OMkL","samantha.williams@yahoo.com"
987,"Ryan","Miller",37440,96,"Sunset Dr","7273887253","6OJzjLro","ryan.miller@outlook.com"
433,"Andrew","Robinson",40334,94,"Main_St","7527096421","B3v3RtQU","andrew.robinson@yahoo.com"
328,"Robert","Jones",16072,39,"Maple_St","7033335027","kNoGDLnC","robert.jones@yahoo.com"
876,"William","Johnson",44351,61,"Park_Ave","7845038546","AJngIDDt","william.johnson@yahoo.com"
470,"Jennifer","Wilson",43776,30,"Oak_St","7249689267","rJg26Sog","jennifer.wilson@icloud.com"
264,"Amanda","Brown",31317,59,"Sunrise_Ave","7331183953","Oni2fLAs","amanda.brown@yahoo.com"
779,"Elizabeth","Lewis",52614,94,"Elm_St","7823589678","SnUlKJ1E","elizabeth.lewis@hotmail.com"
201,"Samantha","Smith",56228,34,"Oak_St","7774604018","IXghpMsR","samantha.smith@gmail.com"
820,"Christopher","Smith",97764,1,"Sunrise_Ave","7883668186","lpQlMQHE","christopher.smith@icloud.com"
729,"Amanda","Wright",93003,7,"Sunset Dr","7663697587","pmGUZPpj","amanda.wright@hotmail.com"
620,"Daniel","Lewis",90356,20,"Lakeview_Blvd","7520347818","dSZxK675","daniel.lewis@yahoo.com"
815,"Samantha","Clark",17757,91,"Park_Ave","7196041560","O5CxYJVd","samantha.clark@outlook.com"
707,"Michael","Lewis",55369,60,"Maple_St","7824622346","M5iFvbWm","michael.lewis@yahoo.com"
65,"David","Clark",36259,26,"Oak_St","7191671056","hw9KSXVo","david.clark@outlook.com"
507,"Jessica","Allen",86018,73,"Pine_St","7071893735","f6eRZTez","jessica.allen@gmail.com"
29,"William","Jones",94757,31,"Lakeview_Blvd","7865154399","BQZb3moD","william.jones@yahoo.com"
823,"Emily","Scott",41180,38,"Hilltop_Dr","7127084288","keTWx8IO","emily.scott@icloud.com"
206,"Emily","Wright",37966,3,"Maple_St","7839897387","tmlgzotM","emily.wright@outlook.com"
124,"Matthew","Williams",13648,80,"Oak_St","7030783135","m7ilh2nB","matthew.williams@gmail.com"
691,"John","Nelson",44051,98,"Pine_St","7814888343","mFsyRrxP","john.nelson@yahoo.com"
263,"Elizabeth","Moore",11849,9,"Elm_St","7537160318","Uy55tM40","elizabeth.moore@icloud.com"
228,"Robert","Allen",58511,37,"Main_St","7622643282","VACVuKkW","robert.allen@icloud.com"
45,"Christopher","Williams",62257,91,"Elm_St","7216141289","F8rfaXke","christopher.williams@outlook.com"
332,"Michael","Jones",49879,77,"Park_Ave","7940088422","oPImbm0m","michael.jones@icloud.com"
281,"David","Wright",82580,28,"Elm_St","7596945500","MQnSq6iS","david.wright@yahoo.com"
982,"Robert","Rodriguez",72518,92,"Sunset Dr","7570762368","btlZAjFV","robert.rodriguez@icloud.com"
632,"Ryan","Jones",65676,22,"Hilltop_Dr","7932359113","BNdYWTeA","ryan.jones@outlook.com"
427,"Stephanie","Williams",77001,59,"Lakeview_Blvd","7596546090","eSs8x15r","stephanie.williams@icloud.com"
629,"Andrew","Garcia",97969,95,"Main_St","7470666158","fuGwvAkc","andrew.garcia@outlook.com"
577,"Matthew","Clark",47005,94,"Sunset Dr","7526243250","sP6VXPwr","matthew.clark@icloud.com"
268,"Ashley","Walker",79579,7,"Sunrise_Ave","7427030182","Bi9FRwFC","ashley.walker@gmail.com"
969,"Robert","Nelson",27617,30,"Elm_St","7984125342","n6K4Pc5I","robert.nelson@gmail.com"
327,"Andrew","Brown",52511,10,"Oak_St","7745907278","dHk16CvS","andrew.brown@icloud.com"
271,"Sarah","Scott",83070,57,"Lakeview_Blvd","7807578293","A3f6Z5Bf","sarah.scott@icloud.com"
746,"William","Moore",74175,7,"Maple_St","7774054029","Ikp5TiQ7","william.moore@yahoo.com"
781,"Andrew","Brown",60853,13,"Park_Ave","7391339985","ppeMPmZj","andrew.brown@hotmail.com"
167,"Jane","Young",96965,85,"Lakeview_Blvd","7427070526","5XbDzwPs","jane.young@outlook.com"
255,"Daniel","Wilson",87213,81,"Main_St","7835485279","Hougn4v0","daniel.wilson@gmail.com"
807,"Matthew","Robinson",52950,41,"Lakeview_Blvd","7898258813","iAeekQC3","matthew.robinson@icloud.com"
612,"Ashley","Clark",85652,22,"Park_Ave","7766189289","bCfqy4nC","ashley.clark@icloud.com"
71,"Jennifer","Jones",43328,3,"Pine_St","7830220939","wEWSC4Cp","jennifer.jones@gmail.com"
260,"Robert","Clark",75713,71,"Elm_St","7629867603","6y2dLUJz","robert.clark@hotmail.com"
530,"Samantha","Lewis",67973,85,"Main_St","7514628615","vP3EYYKo","samantha.lewis@icloud.com"
623,"Jane","Miller",63277,98,"Sunrise_Ave","7561279003","knmRCkQE","jane.miller@hotmail.com"
451,"Jennifer","Williams",24735,58,"Lakeview_Blvd","7701414723","Pk9GXkMV","jennifer.williams@outlook.com"
636,"William","Allen",29771,14,"Park_Ave","7281385999","FD9XW2WU","william.allen@outlook.com"
734,"Jane","Robinson",27343,49,"Maple_St","7645218546","GKwK7GQs","jane.robinson@hotmail.com"
757,"Elizabeth","Moore",16336,49,"Park_Ave","7978274220","E6nIr50H","elizabeth.moore@icloud.com"
798,"John","Davis",39719,3,"Pine_St","7386938944","H91DxFYE","john.davis@hotmail.com"
841,"John","Smith",27015,60,"Park_Ave","7061799974","fkVF3D3W","john.smith@icloud.com"
872,"Christopher","Wright",22150,93,"Hilltop_Dr","7099074000","oYdPEI4n","christopher.wright@yahoo.com"
927,"Amanda","Williams",84297,42,"Pine_St","7403970981","kABuNXmT","amanda.williams@yahoo.com"
46,"David","Wilson",27862,71,"Oak_St","7361759602","B95ny3II","david.wilson@gmail.com"
863,"Samantha","Clark",43287,2,"Pine_St","7329925945","xcJ3fGhs","samantha.clark@icloud.com"
558,"Sarah","Scott",88138,52,"Sunrise_Ave","7055619533","7vECyuUF","sarah.scott@icloud.com"
719,"Robert","Moore",58756,11,"Park_Ave","7607231157","rv3Kp7Nz","robert.moore@yahoo.com"
98,"Jane","Allen",82409,66,"Maple_St","7578503769","QIIYTqZg","jane.allen@yahoo.com"
434,"Ashley","Brown",49488,90,"Maple_St","7526270292","2QDCf1Rk","ashley.brown@icloud.com"
220,"Sarah","Wright",59413,74,"Oak_St","7661756996","XQNNtXVh","sarah.wright@outlook.com"
566,"Daniel","Williams",81404,10,"Lakeview_Blvd","7612742386","TpkMzHhX","daniel.williams@outlook.com"
679,"William","Scott",76868,59,"Sunrise_Ave","7700252042","sKCpWkJG","william.scott@yahoo.com"
324,"Elizabeth","Brown",91875,2,"Elm_St","7237726666","owYnjXzT","elizabeth.brown@yahoo.com"
931,"William","Clark",32524,81,"Oak_St","7933848018","FAiK9FEk","william.clark@gmail.com"
721,"Robert","Lewis",65831,94,"Elm_St","7139634957","rUS5dBEV","robert.lewis@hotmail.com"
877,"Matthew","Walker",31328,25,"Main_St","7788677136","R8AIiEBb","matthew.walker@icloud.com"
275,"Jane","Wright",13642,71,"Sunset Dr","7027578998","NyKYYEL5","jane.wright@gmail.com"
687,"Amanda","Clark",96405,99,"Sunset Dr","7275811901","66bumTxs","amanda.clark@icloud.com"
231,"Samantha","Garcia",66657,89,"Sunset Dr","7150406848","4svv93Q0","samantha.garcia@gmail.com"
197,"Daniel","Nelson",52552,64,"Lakeview_Blvd","7151762669","7Vw5YmTf","daniel.nelson@hotmail.com"
831,"Emily","Young",28925,19,"Elm_St","7512649552","fXzTFjfn","emily.young@hotmail.com"
169,"Jane","Allen",74779,19,"Oak_St","7134672411","XrZUr7ZW","jane.allen@gmail.com"
659,"Ashley","Wright",35500,12,"Park_Ave","7794305671","TmcPEJyV","ashley.wright@gmail.com"
960,"Daniel","Scott",51060,94,"Elm_St","7455679242","yTDF1Lyh","daniel.scott@outlook.com"
341,"Ryan","Jones",80631,47,"Elm_St","7842131579","gp4pCI9C","ryan.jones@gmail.com"
911,"Andrew","Davis",12468,38,"Maple_St","7081628227","Y1O4uFys","andrew.davis@icloud.com"
320,"Christopher","Wright",36556,11,"Elm_St","7761334296","o6UBr2Ef","christopher.wright@icloud.com"
662,"David","Wright",58920,60,"Sunrise_Ave","7122143319","F0VsQ2Dm","david.wright@gmail.com"
2,"Jessica","Rodriguez",24774,95,"Lakeview_Blvd","7941795335","d5GQs7MW","jessica.rodriguez@icloud.com"
274,"Jennifer","Jones",78981,31,"Oak_St","7541252181","MRTfuGjI","jennifer.jones@yahoo.com"
376,"Matthew","Young",74860,40,"Sunset Dr","7807304502","d9q788su","matthew.young@icloud.com"
639,"Christopher","Clark",55850,73,"Hilltop_Dr","7818788813","Vz4THlMN","christopher.clark@gmail.com"
681,"Andrew","Wilson",39334,49,"Sunset Dr","7149353011","w71OMrA8","andrew.wilson@hotmail.com"
532,"Christopher","Wilson",54412,52,"Oak_St","7053692380","bsVkqWqZ","christopher.wilson@hotmail.com"
881,"Sarah","Smith",11333,24,"Lakeview_Blvd","7805515327","lpxE8aJ4","sarah.smith@gmail.com"
638,"Andrew","Wright",65820,27,"Oak_St","7127974180","pHHI67d5","andrew.wright@outlook.com"
207,"Michael","Miller",92578,83,"Main_St","7420319863","nwIY0b8n","michael.miller@gmail.com"
56,"Ashley","Johnson",37863,12,"Hilltop_Dr","7742430242","6QGmLOqk","ashley.johnson@hotmail.com"
750,"Daniel","Walker",54795,18,"Sunrise_Ave","7526166676","44GBEOvT","daniel.walker@yahoo.com"
613,"Jane","Clark",35872,38,"Sunset Dr","7967939476","483WqcVT","jane.clark@outlook.com"
394,"William","Jones",11673,34,"Sunrise_Ave","7081245115","H0Eg0SbT","william.jones@hotmail.com"
958,"Michael","Scott",89533,7,"Park_Ave","7412163108","R5rXJqqA","michael.scott@gmail.com"
503,"Emily","Williams",54598,70,"Sunset Dr","7520596252","bAlP2cqR","emily.williams@yahoo.com"
647,"John","Jones",67911,60,"Elm_St","7325515722","muuCTp8F","john.jones@gmail.com"
68,"Robert","Garcia",14097,64,"Hilltop_Dr","7415334180","RKmMoWuQ","robert.garcia@yahoo.com"
725,"Christopher","Williams",67499,69,"Sunset Dr","7399333005","T8wIDP0X","christopher.williams@gmail.com"
419,"Michael","Robinson",34446,30,"Oak_St","7374060035","agUl5FYb","michael.robinson@yahoo.com"
53,"Emily","Robinson",41131,14,"Lakeview_Blvd","7554165916","69C9ut0R","emily.robinson@icloud.com"
922,"Samantha","Allen",58448,100,"Elm_St","7557560786","cEKkGeYm","samantha.allen@icloud.com"
230,"Jennifer","Allen",18829,79,"Park_Ave","7819548939","JkId53wO","jennifer.allen@gmail.com"
333,"Jane","Moore",22017,4,"Maple_St","7059720069","oV6WNPkp","jane.moore@yahoo.com"
677,"Jessica","Williams",92889,83,"Pine_St","7091509088","HlWbXBw7","jessica.williams@yahoo.com"
256,"Matthew","Wright",13522,82,"Lakeview_Blvd","7361031831","DjmNHyOf","matthew.wright@outlook.com"
742,"William","Jones",86646,80,"Park_Ave","7441053271","TQcuXJJd","william.jones@icloud.com"
318,"Matthew","Walker",48325,25,"Elm_St","7987898110","UmbJfv5c","matthew.walker@yahoo.com"
940,"David","Johnson",55741,100,"Main_St","7236098276","Pzx1HRWJ","david.johnson@yahoo.com"
640,"Elizabeth","Robinson",91167,20,"Lakeview_Blvd","7270210054","qL6t5Psd","elizabeth.robinson@outlook.com"
745,"Ryan","Wright",55034,77,"Oak_St","7809277801","jp82v0qD","ryan.wright@outlook.com"
678,"Samantha","Miller",11451,68,"Lakeview_Blvd","7936203828","xn7BqHXK","samantha.miller@gmail.com"
173,"Jane","Miller",55356,71,"Sunset Dr","7687016240","19CxlwmF","jane.miller@gmail.com"
702,"Ryan","Young",32854,35,"Oak_St","7825345006","48Vh1Uo2","ryan.young@gmail.com"
351,"Ryan","Smith",41279,49,"Maple_St","7951471264","gPxJOjgq","ryan.smith@hotmail.com"
873,"Jessica","Williams",51683,10,"Lakeview_Blvd","7997331219","FCAKpxoK","jessica.williams@icloud.com"
266,"William","Nelson",42327,85,"Lakeview_Blvd","7218168249","dMfOcfeR","william.nelson@yahoo.com"
372,"Emily","Lewis",20247,28,"Sunset Dr","7065325560","Zm5B1E5K","emily.lewis@yahoo.com"
172,"Matthew","Wright",94050,96,"Main_St","7206037263","tN83ihmS","matthew.wright@gmail.com"
298,"Emily","Brown",94068,87,"Oak_St","7664732185","Z2cBk0wR","emily.brown@gmail.com"
778,"John","Robinson",33752,54,"Sunrise_Ave","7702235268","UoNAGGpD","john.robinson@yahoo.com"
797,"Elizabeth","Moore",67379,18,"Hilltop_Dr","7097718834","XerF5zKD","elizabeth.moore@yahoo.com"
948,"John","Clark",79936,97,"Elm_St","7626086049","OlglkCP9","john.clark@gmail.com"
17,"Elizabeth","Robinson",42711,17,"Main_St","7597793751","a87MyZOk","elizabeth.robinson@icloud.com"
536,"Matthew","Garcia",25158,74,"Main_St","7881963930","SSM59loG","matthew.garcia@outlook.com"
487,"Elizabeth","Rodriguez",37322,8,"Pine_St","7024020766","2XNxYb4m","elizabeth.rodriguez@outlook.com"
227,"Samantha","Robinson",44612,50,"Maple_St","7069866404","rrJ2k72S","samantha.robinson@hotmail.com"
897,"Jennifer","Nelson",41635,65,"Main_St","7736868354","OnWI5jo9","jennifer.nelson@icloud.com"
312,"Christopher","Rodriguez",91245,91,"Sunrise_Ave","7886847796","bhSlZkTs","christopher.rodriguez@outlook.com"
790,"Jennifer","Nelson",35243,51,"Sunset Dr","7969278591","kIZTwXKL","jennifer.nelson@icloud.com"
444,"Elizabeth","Allen",63221,21,"Sunset Dr","7185930962","onYRzJVQ","elizabeth.allen@hotmail.com"
551,"Elizabeth","Moore",74340,100,"Sunrise_Ave","7654166296","YCMz121B","elizabeth.moore@yahoo.com"
112,"Jane","Moore",61051,6,"Hilltop_Dr","7782736690","R5XaF5jP","jane.moore@outlook.com"
93,"Ashley","Johnson",45424,6,"Sunset Dr","7079181584","u7xa0nnu","ashley.johnson@yahoo.com"
664,"Amanda","Garcia",13885,45,"Lakeview_Blvd","7892469254","pZk6rIRC","amanda.garcia@gmail.com"
513,"Emily","Williams",87993,14,"Pine_St","7468629247","NbqtFZoI","emily.williams@outlook.com"
690,"Jane","Rodriguez",16062,19,"Oak_St","7978939214","DaHPFRon","jane.rodriguez@yahoo.com"
248,"William","Moore",34802,73,"Main_St","7422721965","TxhPzI9j","william.moore@icloud.com"
569,"Samantha","Wright",58525,25,"Oak_St","7659297219","uPj6V678","samantha.wright@hotmail.com"
469,"Jane","Nelson",23458,74,"Oak_St","7819021913","zr3bDRrq","jane.nelson@hotmail.com"
462,"Andrew","Williams",94032,59,"Maple_St","7884628160","3Tfs3LfQ","andrew.williams@outlook.com"
4,"Michael","Johnson",46357,29,"Main_St","7808658209","zxZ3gdlT","michael.johnson@hotmail.com"
50,"Jessica","Walker",43559,8,"Elm_St","7371776358","DZAmIldW","jessica.walker@yahoo.com"
550,"Amanda","Williams",53298,20,"Park_Ave","7077089945","8tTImbIJ","amanda.williams@icloud.com"
488,"Daniel","Young",18192,58,"Oak_St","7547005049","T4ZV3kQV","daniel.young@gmail.com"
801,"Matthew","Wilson",91904,26,"Hilltop_Dr","7803576368","76OLhXjo","matthew.wilson@gmail.com"
540,"Christopher","Young",71022,52,"Hilltop_Dr","7101231473","B67wx51G","christopher.young@outlook.com"
887,"Jane","Rodriguez",72621,4,"Sunset Dr","7666128317","8QNhTXG0","jane.rodriguez@yahoo.com"
898,"Ashley","Moore",25144,45,"Park_Ave","7540325757","5iSQ6NJb","ashley.moore@hotmail.com"
114,"Jane","Robinson",44091,44,"Lakeview_Blvd","7920358557","fxqmrOoQ","jane.robinson@icloud.com"
956,"Samantha","Wilson",44443,56,"Lakeview_Blvd","7203416252","OU263XkH","samantha.wilson@icloud.com"
99,"Christopher","Williams",56912,22,"Hilltop_Dr","7955530622","0NlgVXyJ","christopher.williams@hotmail.com"
361,"Jennifer","Brown",99785,53,"Sunset Dr","7541586102","Uk0gnerr","jennifer.brown@outlook.com"
58,"David","Smith",60239,50,"Sunrise_Ave","7094343886","LJN4eibv","david.smith@outlook.com"
912,"Jane","Moore",75358,74,"Pine_St","7129692291","UgWNypr5","jane.moore@gmail.com"
635,"Emily","Miller",34985,66,"Maple_St","7543203204","ymLfLJNc","emily.miller@hotmail.com"
405,"Elizabeth","Rodriguez",34852,50,"Elm_St","7644333875","lMxtflNd","elizabeth.rodriguez@gmail.com"
123,"Samantha","Davis",11992,20,"Pine_St","7115671545","czMmQPAV","samantha.davis@gmail.com"
582,"Andrew","Young",65665,10,"Elm_St","7338828305","YgKU99Vn","andrew.young@gmail.com"
652,"Christopher","Wright",42727,89,"Oak_St","7508438566","geReOTP4","christopher.wright@yahoo.com"
977,"Ryan","Brown",84602,27,"Elm_St","7500407054","pIlFUtBk","ryan.brown@outlook.com"
400,"Amanda","Lewis",89230,43,"Elm_St","7836353152","Wy6arJdf","amanda.lewis@yahoo.com"
493,"Christopher","Davis",30505,5,"Oak_St","7063247573","vlrPfUJE","christopher.davis@outlook.com"
77,"Matthew","Allen",27091,99,"Sunrise_Ave","7057920073","SG74QIsG","matthew.allen@yahoo.com"
695,"Andrew","Nelson",81462,42,"Maple_St","7370343917","ZEYjK9uv","andrew.nelson@gmail.com"
808,"David","Miller",89851,94,"Main_St","7738973936","hUC7cGrv","david.miller@outlook.com"
654,"Ryan","Nelson",86224,5,"Elm_St","7852897561","OeVfM3tU","ryan.nelson@yahoo.com"
529,"Andrew","Wright",88654,44,"Maple_St","7236264851","XzzR18Ta","andrew.wright@yahoo.com"
901,"Samantha","Wright",15950,21,"Sunrise_Ave","7187908884","obOCybUM","samantha.wright@outlook.com"
611,"Michael","Robinson",15943,100,"Lakeview_Blvd","7293335506","9yK6PdX8","michael.robinson@gmail.com"
363,"Elizabeth","Miller",23143,87,"Hilltop_Dr","7806253618","Y6vDFFJj","elizabeth.miller@hotmail.com"
563,"Amanda","Miller",53104,81,"Park_Ave","7320298910","U17NaYb8","amanda.miller@outlook.com"
892,"Jessica","Young",44531,3,"Maple_St","7314825656","7D6LTMFC","jessica.young@yahoo.com"
15,"Elizabeth","Clark",30723,20,"Park_Ave","7995882255","lqH7TWfo","elizabeth.clark@icloud.com"
174,"Emily","Moore",94173,75,"Sunset Dr","7504117552","Dmoecoz7","emily.moore@outlook.com"
142,"Emily","Garcia",66064,7,"Main_St","7598449551","NG1YsIVq","emily.garcia@gmail.com"
416,"Jessica","Davis",64091,51,"Main_St","7591152506","wYAyzmv8","jessica.davis@icloud.com"
856,"Sarah","Brown",89506,22,"Oak_St","7406006057","QorRT1yR","sarah.brown@hotmail.com"
970,"Christopher","Lewis",46344,62,"Sunrise_Ave","7982636914","HUZW9zSR","christopher.lewis@icloud.com"
489,"Daniel","Walker",93279,21,"Park_Ave","7069033833","BOx9N3HJ","daniel.walker@gmail.com"
758,"Elizabeth","Wright",80206,92,"Pine_St","7366328303","rV27qlES","elizabeth.wright@outlook.com"
18,"Emily","Moore",51811,88,"Lakeview_Blvd","7415639869","ZO5EjHpQ","emily.moore@gmail.com"
517,"Amanda","Smith",16051,54,"Maple_St","7523934138","d0FoigP2","amanda.smith@icloud.com"
423,"Ashley","Miller",20306,23,"Hilltop_Dr","7850796914","ZBKDzR27","ashley.miller@yahoo.com"
42,"Matthew","Johnson",85448,8,"Main_St","7116316191","jxyZCM2y","matthew.johnson@icloud.com"
313,"Elizabeth","Rodriguez",80654,25,"Sunrise_Ave","7841957478","64XYvyk1","elizabeth.rodriguez@outlook.com"
321,"David","Wright",24751,6,"Sunrise_Ave","7370964905","Zs9zDsWd","david.wright@hotmail.com"
63,"Jennifer","Smith",31458,61,"Pine_St","7511778555","WpR22Kbb","jennifer.smith@icloud.com"
73,"William","Wright",26014,6,"Lakeview_Blvd","7551292188","P33f2JZs","william.wright@outlook.com"
919,"Matthew","Johnson",38968,95,"Sunrise_Ave","7439183904","BX2hSpgT","matthew.johnson@outlook.com"
383,"Ashley","Rodriguez",46791,85,"Park_Ave","7044872191","qP98UGrj","ashley.rodriguez@outlook.com"
254,"Ryan","Clark",71947,97,"Park_Ave","7771893775","4csuxDEy","ryan.clark@hotmail.com"
272,"Jessica","Garcia",31460,69,"Main_St","7281578972","RZ0Z1TuT","jessica.garcia@yahoo.com"
787,"Robert","Johnson",10353,79,"Pine_St","7591392850","0AX18XPN","robert.johnson@icloud.com"
460,"Sarah","Robinson",93000,14,"Maple_St","7058550898","GXQaRmfA","sarah.robinson@hotmail.com"
44,"Jennifer","Brown",41638,25,"Park_Ave","7435713785","Nqr59nTe","jennifer.brown@hotmail.com"
92,"Samantha","Wright",98714,80,"Oak_St","7942896711","1ggBY5my","samantha.wright@icloud.com"
21,"Samantha","Lewis",93331,64,"Park_Ave","7778277872","5hIC7lT2","samantha.lewis@outlook.com"
748,"David","Brown",58358,51,"Sunrise_Ave","7174046098","CZN4rAxA","david.brown@hotmail.com"
656,"William","Moore",23722,29,"Park_Ave","7716587590","1B5ysdW8","william.moore@hotmail.com"
439,"William","Rodriguez",15582,2,"Lakeview_Blvd","7199148501","9EkZ7JR2","william.rodriguez@hotmail.com"
699,"Robert","Nelson",86812,10,"Oak_St","7077608955","dumrkNhc","robert.nelson@yahoo.com"
307,"Jessica","Smith",57134,61,"Oak_St","7657166174","eTpvMM84","jessica.smith@yahoo.com"
496,"Christopher","Robinson",41246,21,"Main_St","7236373018","e5eUqB9k","christopher.robinson@yahoo.com"
983,"Jane","Jones",11244,54,"Maple_St","7128917906","dIKgkisE","jane.jones@icloud.com"
194,"Ashley","Walker",72914,54,"Lakeview_Blvd","7703569063","n898BsGZ","ashley.walker@yahoo.com"
82,"Sarah","Allen",70847,95,"Oak_St","7595305675","fVERagrq","sarah.allen@icloud.com"
945,"Jennifer","Scott",17152,14,"Elm_St","7401959873","hntdXNbr","jennifer.scott@yahoo.com"
62,"Michael","Miller",90365,31,"Park_Ave","7151671048","AZjK2k5d","michael.miller@gmail.com"
572,"Matthew","Scott",32906,56,"Sunrise_Ave","7639647038","d2BreR6O","matthew.scott@hotmail.com"
586,"Sarah","Wilson",41938,22,"Main_St","7832889977","Vh2wgn2i","sarah.wilson@icloud.com"
107,"David","Scott",37226,12,"Hilltop_Dr","7795089902","bdVUpWzo","david.scott@outlook.com"
998,"Robert","Davis",70662,17,"Maple_St","7302625588","2oMiFlFk","robert.davis@icloud.com"
146,"Emily","Lewis",93006,13,"Sunrise_Ave","7903967646","6mg6azhN","emily.lewis@outlook.com"
511,"Christopher","Nelson",18372,85,"Hilltop_Dr","7625286425","xW2fcQOl","christopher.nelson@hotmail.com"
410,"Jane","Wright",43936,39,"Oak_St","7620048843","LTFeQhpm","jane.wright@yahoo.com"
370,"Andrew","Lewis",20725,86,"Sunset Dr","7432614563","C3N0fzf3","andrew.lewis@outlook.com"
350,"Ryan","Davis",37706,43,"Elm_St","7283946135","x2NtQS2r","ryan.davis@outlook.com"
866,"Emily","Brown",11802,10,"Pine_St","7561144877","uSlDqc9O","emily.brown@outlook.com"
521,"Elizabeth","Clark",12932,6,"Maple_St","7475259597","wDFAvUUC","elizabeth.clark@hotmail.com"
786,"Elizabeth","Johnson",79669,86,"Park_Ave","7954236502","imYSCARF","elizabeth.johnson@outlook.com"
584,"Jessica","Williams",66452,13,"Oak_St","7256134740","I69iR8Bi","jessica.williams@yahoo.com"
791,"Michael","Williams",22527,12,"Lakeview_Blvd","7897928058","UuZmlhCD","michael.williams@icloud.com"
829,"Andrew","Jones",14223,68,"Hilltop_Dr","7425078922","kNVwMnrY","andrew.jones@outlook.com"
921,"Andrew","Jones",55918,50,"Main_St","7521632177","bhDC6NdK","andrew.jones@icloud.com"
985,"Michael","Allen",39551,24,"Sunrise_Ave","7932787022","DpxCh70H","michael.allen@yahoo.com"
967,"Samantha","Brown",13959,32,"Lakeview_Blvd","7308247174","9W6S9H3I","samantha.brown@yahoo.com"
868,"Jennifer","Johnson",97016,87,"Elm_St","7687909039","hEemfSrm","jennifer.johnson@yahoo.com"
482,"John","Wright",10056,61,"Lakeview_Blvd","7565119325","UCvt8NFZ","john.wright@icloud.com"
963,"Jennifer","Miller",31669,15,"Sunrise_Ave","7003757180","DXLZB6jD","jennifer.miller@hotmail.com"
103,"Jane","Williams",35117,31,"Maple_St","7311140163","RPr83k39","jane.williams@outlook.com"
387,"David","Rodriguez",76751,68,"Hilltop_Dr","7040795398","FJBo3deP","david.rodriguez@hotmail.com"
952,"Ryan","Wright",43684,62,"Sunrise_Ave","7993467631","kpuehifn","ryan.wright@icloud.com"
914,"Robert","Rodriguez",13199,76,"Hilltop_Dr","7058370069","uHLBYxcy","robert.rodriguez@outlook.com"
631,"Ryan","Johnson",78955,65,"Pine_St","7848460966","zAfcDrgX","ryan.johnson@outlook.com"
486,"Christopher","Johnson",18093,27,"Park_Ave","7336714742","7n81sG7e","christopher.johnson@hotmail.com"
855,"Jessica","Smith",18049,40,"Lakeview_Blvd","7064595416","3TJBGac6","jessica.smith@hotmail.com"
9,"Christopher","Garcia",42362,2,"Lakeview_Blvd","7826880361","PozCuh1M","christopher.garcia@gmail.com"
296,"Jane","Wright",94004,83,"Hilltop_Dr","7064602462","coLRmw9v","jane.wright@hotmail.com"
145,"Daniel","Brown",93888,69,"Park_Ave","7970962653","IrWhec34","daniel.brown@hotmail.com"
796,"David","Miller",16003,11,"Oak_St","7789441554","LN1GhdFk","david.miller@outlook.com"
514,"Amanda","Wilson",26667,88,"Pine_St","7728719532","uTskDrdQ","amanda.wilson@icloud.com"
756,"Jennifer","Walker",85300,14,"Park_Ave","7569950775","sHgv8o15","jennifer.walker@gmail.com"
946,"Matthew","Robinson",70736,64,"Maple_St","7009830649","bVEwuCCB","matthew.robinson@yahoo.com"
772,"Elizabeth","Walker",53395,67,"Oak_St","7219154784","kMpwmF2Q","elizabeth.walker@yahoo.com"
25,"Elizabeth","Davis",96268,39,"Sunrise_Ave","7467009859","4IJEqftR","elizabeth.davis@gmail.com"
701,"Andrew","Brown",81414,46,"Elm_St","7797047968","yuA4FvUB","andrew.brown@icloud.com"
565,"Sarah","Wilson",64676,86,"Hilltop_Dr","7997499023","tI1H6mxx","sarah.wilson@yahoo.com"
795,"Stephanie","Wilson",83455,16,"Main_St","7364223287","mB1krjeN","stephanie.wilson@icloud.com"
849,"Christopher","Johnson",17271,46,"Park_Ave","7241203668","F3UCjidW","christopher.johnson@yahoo.com"
247,"Daniel","Lewis",35365,88,"Hilltop_Dr","7039315110","mswCeV4t","daniel.lewis@gmail.com"
607,"Jane","Wilson",22132,41,"Hilltop_Dr","7636053469","W10BPPDc","jane.wilson@gmail.com"
825,"Robert","Wilson",48734,12,"Hilltop_Dr","7764724847","ANGrzg9x","robert.wilson@yahoo.com"
408,"Ryan","Wright",65379,8,"Main_St","7736594577","B4LiLJza","ryan.wright@icloud.com"
502,"Elizabeth","Wilson",19398,83,"Main_St","7974997396","U4R9Jsrv","elizabeth.wilson@yahoo.com"
936,"Daniel","Garcia",62861,67,"Park_Ave","7066859024","PJgUX13W","daniel.garcia@yahoo.com"
288,"Matthew","Rodriguez",74630,63,"Sunset Dr","7862259647","CMVxshcw","matthew.rodriguez@outlook.com"
568,"Ryan","Johnson",98613,91,"Sunset Dr","7171145314","YbDkpmp1","ryan.johnson@outlook.com"
740,"Samantha","Johnson",74920,73,"Main_St","7280694406","NomhPmaW","samantha.johnson@outlook.com"
216,"Jennifer","Jones",60605,26,"Hilltop_Dr","7280449300","nWiHE0e7","jennifer.jones@icloud.com"
183,"Michael","Rodriguez",12138,17,"Hilltop_Dr","7499588700","ITQ8BFUl","michael.rodriguez@icloud.com"
531,"Christopher","Johnson",72844,48,"Pine_St","7925927972","ojNUlsSd","christopher.johnson@hotmail.com"
929,"Jessica","Scott",43134,84,"Sunrise_Ave","7352839420","iQ3alBFO","jessica.scott@hotmail.com"
924,"Daniel","Miller",39603,65,"Sunrise_Ave","7962319750","K4bKgxJQ","daniel.miller@gmail.com"
472,"Michael","Brown",55710,28,"Elm_St","7223621462","9MFw6Fr5","michael.brown@icloud.com"
245,"Emily","Scott",67600,65,"Pine_St","7601293897","eeUc9AnC","emily.scott@hotmail.com"
154,"Samantha","Rodriguez",34683,49,"Oak_St","7431123242","ZQ2FLrNl","samantha.rodriguez@outlook.com"
675,"Matthew","Scott",77195,14,"Oak_St","7313467484","N0VOePsS","matthew.scott@hotmail.com"
693,"Emily","Garcia",51537,84,"Pine_St","7974604961","SvGo7tdT","emily.garcia@gmail.com"
144,"Elizabeth","Wright",85456,97,"Maple_St","7092512262","KJjkBgNd","elizabeth.wright@yahoo.com"
735,"John","Young",12746,81,"Maple_St","7698840915","6Wi1PGz0","john.young@hotmail.com"
973,"David","Johnson",91584,77,"Park_Ave","7215022850","KwCLyoya","david.johnson@gmail.com"
293,"Ashley","Lewis",21378,48,"Maple_St","7635994708","wDcElRpc","ashley.lewis@hotmail.com"
728,"Jennifer","Young",43414,48,"Pine_St","7199220082","rlFGDXr1","jennifer.young@hotmail.com"
731,"Stephanie","Scott",13676,22,"Maple_St","7518399855","76eEEkyx","stephanie.scott@icloud.com"
353,"Christopher","Robinson",71122,74,"Hilltop_Dr","7424962459","pwhzZqCz","christopher.robinson@yahoo.com"
22,"Robert","Smith",35996,53,"Lakeview_Blvd","7692504868","JTXjaech","robert.smith@icloud.com"
622,"Samantha","Moore",36244,91,"Pine_St","7527941682","04d6ierB","samantha.moore@hotmail.com"
909,"Matthew","Wright",44108,79,"Oak_St","7528684782","w3oTqLKC","matthew.wright@gmail.com"
830,"Stephanie","Wilson",86481,68,"Sunset Dr","7767837404","IDBLwg16","stephanie.wilson@gmail.com"
875,"Andrew","Miller",34757,95,"Main_St","7457146175","bmVzf8nT","andrew.miller@gmail.com"
454,"David","Garcia",66998,8,"Sunrise_Ave","7459763450","54mzejTh","david.garcia@hotmail.com"
157,"William","Garcia",29671,91,"Oak_St","7648694541","KLeqDre9","william.garcia@outlook.com"
759,"Ryan","Rodriguez",40350,19,"Elm_St","7888544612","Va3Gxkyh","ryan.rodriguez@outlook.com"
253,"Elizabeth","Wright",87459,98,"Oak_St","7101052023","r9LUHgrP","elizabeth.wright@yahoo.com"
86,"Daniel","Young",21514,13,"Sunrise_Ave","7579585978","p2rTOVsq","daniel.young@yahoo.com"
453,"Sarah","Nelson",25673,95,"Oak_St","7326360446","x9ZqZaVu","sarah.nelson@hotmail.com"
984,"Jennifer","Garcia",80548,51,"Elm_St","7059999147","7j7UH1g3","jennifer.garcia@outlook.com"
827,"Daniel","Clark",93583,47,"Pine_St","7446553219","bgthBdSc","daniel.clark@gmail.com"
35,"Jennifer","Allen",43685,12,"Lakeview_Blvd","7384608857","JUZ6jKxP","jennifer.allen@gmail.com"
749,"Michael","Davis",18759,75,"Pine_St","7304641245","xgypjLxH","michael.davis@yahoo.com"
583,"Emily","Williams",95240,66,"Oak_St","7306790080","82YivAND","emily.williams@outlook.com"
576,"Andrew","Wright",23072,24,"Lakeview_Blvd","7248060781","g4mhP3t1","andrew.wright@yahoo.com"
47,"Matthew","Nelson",30348,45,"Pine_St","7365469321","hMD1sq6z","matthew.nelson@outlook.com"
192,"Michael","Wright",54782,57,"Lakeview_Blvd","7943969898","pIDxj1fO","michael.wright@hotmail.com"
176,"Sarah","Wright",83453,13,"Elm_St","7639067910","s4flnBEo","sarah.wright@icloud.com"
28,"Jane","Smith",71175,94,"Park_Ave","7877473457","SNrwCs9r","jane.smith@icloud.com"
828,"John","Nelson",96480,70,"Hilltop_Dr","7365022358","RoRnVdzX","john.nelson@hotmail.com"
249,"William","Brown",57172,54,"Hilltop_Dr","7526853257","4sBrCmvp","william.brown@icloud.com"
971,"Samantha","Rodriguez",72480,35,"Park_Ave","7741108661","tfA38JMF","samantha.rodriguez@gmail.com"
329,"Emily","Nelson",81771,40,"Park_Ave","7564623552","1kg1Th2i","emily.nelson@outlook.com"
773,"Robert","Miller",18846,22,"Sunrise_Ave","7479121750","PkT3nrT1","robert.miller@outlook.com"
964,"Michael","Brown",27944,95,"Main_St","7887228977","E7GFu9NF","michael.brown@outlook.com"
126,"Jane","Garcia",34408,99,"Lakeview_Blvd","7216905677","cge3fQ4N","jane.garcia@gmail.com"
776,"Andrew","Scott",18796,88,"Maple_St","7971319838","kgs7yp5k","andrew.scott@yahoo.com"
708,"Christopher","Young",87457,62,"Elm_St","7859332089","7Af1I9tM","christopher.young@yahoo.com"
669,"Jessica","Davis",91712,64,"Park_Ave","7550469431","4QdueDok","jessica.davis@icloud.com"
616,"Jessica","Smith",17598,31,"Park_Ave","7900100532","oaXL3Fd2","jessica.smith@gmail.com"
354,"Sarah","Young",39311,19,"Maple_St","7872163789","e42erxXi","sarah.young@hotmail.com"
497,"Christopher","Johnson",36154,55,"Elm_St","7310289302","8Yb0pqiZ","christopher.johnson@outlook.com"
579,"Jessica","Garcia",57073,55,"Maple_St","7378773459","LJznQsdQ","jessica.garcia@outlook.com"
972,"David","Walker",75661,89,"Elm_St","7325472258","gcphnkUn","david.walker@icloud.com"
208,"Jennifer","Williams",33651,8,"Hilltop_Dr","7649967617","Ro8PfnlJ","jennifer.williams@outlook.com"
939,"Michael","Young",94304,8,"Sunset Dr","7421064318","KonoW0h7","michael.young@yahoo.com"
325,"Jessica","Walker",21421,60,"Park_Ave","7589930870","EMrW6iy9","jessica.walker@yahoo.com"
467,"John","Lewis",20721,61,"Park_Ave","7934464187","Qn4S971W","john.lewis@icloud.com"
896,"David","Jones",72935,53,"Sunrise_Ave","7509062295","P3Z1GPQr","david.jones@hotmail.com"
335,"Elizabeth","Brown",40163,99,"Park_Ave","7422948310","5ZqnQybh","elizabeth.brown@icloud.com"
542,"Jane","Young",37034,7,"Sunset Dr","7193422781","yJph7Zry","jane.young@yahoo.com"
140,"Ashley","Nelson",16773,83,"Park_Ave","7593601152","2DzdvN33","ashley.nelson@hotmail.com"
799,"William","Lewis",69285,92,"Elm_St","7723764438","CcwT7Bzi","william.lewis@hotmail.com"
75,"John","Young",54300,81,"Hilltop_Dr","7304296985","uTn3KIxp","john.young@yahoo.com"
806,"David","Smith",49583,25,"Oak_St","7808883923","ZXrBHFnl","david.smith@hotmail.com"
518,"Michael","Scott",20150,26,"Pine_St","7260235841","ADIbQFsy","michael.scott@yahoo.com"
150,"Ryan","Moore",70748,97,"Lakeview_Blvd","7525681227","ZhKc9iEH","ryan.moore@gmail.com"
689,"Andrew","Young",42940,11,"Lakeview_Blvd","7611417700","cldQORFf","andrew.young@outlook.com"
285,"Daniel","Miller",46542,86,"Oak_St","7352612979","1seZLyTL","daniel.miller@gmail.com"
432,"Christopher","Jones",69538,32,"Sunset Dr","7433622274","RF1ISYxv","christopher.jones@yahoo.com"
149,"Ashley","Johnson",95023,85,"Maple_St","7582051220","yi41Ve1x","ashley.johnson@outlook.com"
743,"Daniel","Davis",85698,10,"Main_St","7099304239","HhxhnTM4","daniel.davis@gmail.com"
950,"Daniel","Robinson",47185,89,"Oak_St","7366518676","LQSb7sXj","daniel.robinson@yahoo.com"
425,"Elizabeth","Allen",77713,62,"Sunrise_Ave","7771546022","Ct54CgqS","elizabeth.allen@icloud.com"
156,"Michael","Young",65489,4,"Park_Ave","7829666421","9fAQ0ahh","michael.young@yahoo.com"
495,"Matthew","Davis",19909,67,"Main_St","7430887594","X4LtooVr","matthew.davis@yahoo.com"
993,"Stephanie","Brown",76345,48,"Elm_St","7423426766","irKEGlrO","stephanie.brown@outlook.com"
369,"Stephanie","Brown",17369,100,"Main_St","7732156534","nzoqfcR5","stephanie.brown@icloud.com"
683,"Michael","Rodriguez",52907,72,"Sunrise_Ave","7778561644","B9yFYyMW","michael.rodriguez@hotmail.com"
27,"Amanda","Rodriguez",64396,9,"Maple_St","7172157253","xzxhFrUS","amanda.rodriguez@outlook.com"
233,"Elizabeth","Smith",68623,44,"Sunrise_Ave","7715390802","O9p0Nzb6","elizabeth.smith@outlook.com"
198,"William","Robinson",31428,88,"Park_Ave","7700161264","WfUdAUYV","william.robinson@gmail.com"
546,"David","Brown",51115,26,"Sunset Dr","7836666905","f1V1Mmi4","david.brown@outlook.com"
257,"Michael","Garcia",53089,90,"Hilltop_Dr","7009624465","YIn79vyq","michael.garcia@icloud.com"
826,"Elizabeth","Clark",15359,13,"Sunset Dr","7883597115","92JhlIe6","elizabeth.clark@hotmail.com"
345,"Matthew","Miller",89008,77,"Sunset Dr","7589934094","47GWlUz4","matthew.miller@outlook.com"
215,"Michael","Moore",31007,72,"Maple_St","7593221095","xpydsSgd","michael.moore@outlook.com"
995,"Christopher","Lewis",85043,87,"Main_St","7938413902","OHkIG51y","christopher.lewis@gmail.com"
380,"Jennifer","Smith",67595,7,"Sunrise_Ave","7697362347","txIElP2m","jennifer.smith@yahoo.com"
592,"Stephanie","Williams",62431,66,"Sunrise_Ave","7805776719","0ASW47MD","stephanie.williams@gmail.com"
375,"Andrew","Miller",93516,25,"Elm_St","7777033377","dOI3VjEE","andrew.miller@yahoo.com"
525,"Andrew","Johnson",90631,46,"Pine_St","7845215122","8SP1qU8x","andrew.johnson@gmail.com"
1,"Daniel","Garcia",20878,75,"Pine_St","7794466197","oDIH5ljd","daniel.garcia@hotmail.com"
97,"Andrew","Johnson",61017,81,"Park_Ave","7304627674","lXsyijT7","andrew.johnson@outlook.com"
715,"Jennifer","Robinson",38843,58,"Lakeview_Blvd","7989419291","wSKcS1M4","jennifer.robinson@gmail.com"
874,"Michael","Scott",29649,75,"Sunset Dr","7706837149","lfLykC4f","michael.scott@gmail.com"
684,"Emily","Moore",93218,32,"Oak_St","7138553303","DEcuZ9F8","emily.moore@outlook.com"
997,"Samantha","Miller",96032,62,"Elm_St","7650149242","uMnfXacw","samantha.miller@gmail.com"
32,"Ashley","Brown",13373,53,"Elm_St","7539391912","OgtYdh1R","ashley.brown@hotmail.com"
300,"Ashley","Davis",69783,63,"Park_Ave","7134915746","VBTi9WMq","ashley.davis@yahoo.com"
506,"Ryan","Wright",19452,89,"Maple_St","7334067920","xQz6rQKM","ryan.wright@hotmail.com"
628,"Christopher","Wright",28020,86,"Main_St","7476008876","qwlDx7Fv","christopher.wright@gmail.com"
520,"Ashley","Scott",21373,79,"Main_St","7476991785","olzm1roK","ashley.scott@icloud.com"
213,"Robert","Young",51651,44,"Park_Ave","7360532492","u9gVi6DD","robert.young@icloud.com"
202,"Jennifer","Smith",54610,85,"Sunset Dr","7827148755","E89s2yfn","jennifer.smith@hotmail.com"
214,"Andrew","Miller",23892,11,"Pine_St","7319114584","X2UCYsL8","andrew.miller@yahoo.com"
989,"Ryan","Garcia",45536,96,"Hilltop_Dr","7932069207","xBdcUx83","ryan.garcia@outlook.com"
736,"Ashley","Williams",98720,59,"Sunrise_Ave","7182333347","AvETgYou","ashley.williams@yahoo.com"
653,"Samantha","Miller",86419,36,"Sunset Dr","7429300414","HlCGEG8y","samantha.miller@outlook.com"
449,"Michael","Young",29130,48,"Elm_St","7482379481","X6tX0mTK","michael.young@hotmail.com"
580,"Ryan","Johnson",73949,84,"Lakeview_Blvd","7816113913","uODESomW","ryan.johnson@hotmail.com"
109,"Ashley","Robinson",74137,63,"Maple_St","7967584064","dPdG0tLg","ashley.robinson@yahoo.com"
133,"Elizabeth","Miller",26896,52,"Oak_St","7965525648","Q0rtcPmO","elizabeth.miller@outlook.com"
879,"Robert","Smith",62691,22,"Main_St","7771179138","n64ehMhR","robert.smith@gmail.com"
66,"David","Brown",22143,23,"Main_St","7259171023","6z1catfA","david.brown@gmail.com"
907,"Ryan","Clark",64186,40,"Elm_St","7802621503","Fwqr55yy","ryan.clark@icloud.com"
3,"Ashley","Allen",86620,85,"Sunset Dr","7974206224","jXvzn7dF","ashley.allen@gmail.com"
411,"Ryan","Johnson",61948,76,"Main_St","7526443990","eStgrSbJ","ryan.johnson@icloud.com"
70,"Ryan","Scott",26800,25,"Oak_St","7254988291","yd9p5lzA","ryan.scott@icloud.com"
839,"Ashley","Scott",96523,62,"Sunrise_Ave","7805930851","DzwCnkKF","ashley.scott@icloud.com"
12,"Amanda","Smith",34633,51,"Oak_St","7848262854","VeLDXiJi","amanda.smith@icloud.com"
713,"Stephanie","Rodriguez",72652,86,"Hilltop_Dr","7743849422","8ikfNFQm","stephanie.rodriguez@outlook.com"
833,"Stephanie","Lewis",40090,17,"Pine_St","7778192428","MGdUACdg","stephanie.lewis@outlook.com"
587,"Emily","Miller",38250,47,"Oak_St","7864013054","IUPIJwWV","emily.miller@yahoo.com"
360,"Elizabeth","Robinson",53906,50,"Maple_St","7904920805","f8CUHQR7","elizabeth.robinson@icloud.com"
674,"Christopher","Smith",81051,42,"Main_St","7121557377","3BS5whMC","christopher.smith@hotmail.com"
269,"Elizabeth","Wright",82702,24,"Elm_St","7107441362","Ut8IM3hO","elizabeth.wright@icloud.com"
515,"Christopher","Davis",12935,93,"Oak_St","7978822259","mDYUPC7g","christopher.davis@icloud.com"
978,"John","Clark",57814,76,"Park_Ave","7509253618","UkcULppd","john.clark@yahoo.com"
599,"Amanda","Davis",44083,45,"Sunrise_Ave","7783934946","a7AlMiGO","amanda.davis@icloud.com"
101,"Andrew","Robinson",60153,61,"Hilltop_Dr","7061300323","6y7uMJEI","andrew.robinson@outlook.com"
594,"Matthew","Wright",56536,82,"Maple_St","7067107303","YV1d5wua","matthew.wright@yahoo.com"
641,"Daniel","Jones",88367,62,"Sunset Dr","7004996207","MpbzmTTd","daniel.jones@icloud.com"
102,"Ryan","Robinson",97142,6,"Sunrise_Ave","7516583478","tgnpyaoH","ryan.robinson@hotmail.com"
884,"Samantha","Lewis",80141,4,"Sunrise_Ave","7340161332","yJVb7wri","samantha.lewis@yahoo.com"
385,"John","Garcia",55078,56,"Maple_St","7398158284","NqgAxZmy","john.garcia@gmail.com"
367,"Jessica","Davis",22296,52,"Pine_St","7785118809","46vZlkSJ","jessica.davis@yahoo.com"
314,"Daniel","Brown",37486,65,"Sunrise_Ave","7475218419","FNUS6q00","daniel.brown@outlook.com"
484,"Jessica","Smith",47860,95,"Maple_St","7057849697","DlUO6c0A","jessica.smith@icloud.com"
60,"Sarah","Johnson",78968,21,"Maple_St","7186649760","itDBWb0e","sarah.johnson@hotmail.com"
848,"Jennifer","Smith",94302,16,"Pine_St","7253698840","mDBasgWa","jennifer.smith@gmail.com"
643,"Christopher","Jones",99347,75,"Maple_St","7601916108","aEcaSVks","christopher.jones@outlook.com"
793,"Jane","Clark",77290,28,"Sunset Dr","7420818957","yMcFRSPC","jane.clark@icloud.com"
556,"Robert","Garcia",21973,51,"Elm_St","7551246543","7rZB4X8b","robert.garcia@yahoo.com"
763,"Amanda","Wilson",59928,40,"Sunrise_Ave","7295118561","vx3cyPlJ","amanda.wilson@yahoo.com"
850,"Andrew","Young",99234,33,"Sunset Dr","7299858518","x4f0QcxH","andrew.young@hotmail.com"
366,"John","Walker",82917,83,"Sunset Dr","7129141318","VjKhHaIF","john.walker@yahoo.com"
283,"Emily","Moore",71880,51,"Oak_St","7813193787","fPe1W82J","emily.moore@outlook.com"
543,"Elizabeth","Robinson",47100,82,"Oak_St","7182781496","8y0F6xyH","elizabeth.robinson@hotmail.com"
436,"Amanda","Clark",75590,89,"Pine_St","7439768453","wmEAtURd","amanda.clark@hotmail.com"
737,"Ashley","Moore",75065,45,"Park_Ave","7706479354","QnqjRZs0","ashley.moore@icloud.com"
182,"Elizabeth","Rodriguez",20690,79,"Hilltop_Dr","7458438621","cQAse4Uf","elizabeth.rodriguez@hotmail.com"
730,"Elizabeth","Wright",63410,95,"Park_Ave","7044517319","IkPAVujT","elizabeth.wright@gmail.com"
485,"Robert","Robinson",54208,47,"Sunrise_Ave","7707599991","Wlao6MQy","robert.robinson@icloud.com"
474,"Stephanie","Lewis",94249,48,"Elm_St","7937477803","SSMXLoVD","stephanie.lewis@hotmail.com"
43,"Amanda","Wilson",61263,75,"Park_Ave","7803934893","VWgyvpPN","amanda.wilson@icloud.com"
359,"Elizabeth","Brown",65640,86,"Sunrise_Ave","7688859290","OHyrLHHI","elizabeth.brown@outlook.com"
147,"Andrew","Moore",25348,58,"Elm_St","7194748989","h5R3gem9","andrew.moore@gmail.com"
491,"Jessica","Clark",61038,27,"Sunrise_Ave","7513476569","zGthpzcl","jessica.clark@yahoo.com"
368,"Emily","Brown",91097,86,"Lakeview_Blvd","7179084544","LxWR9dnE","emily.brown@icloud.com"
7,"Samantha","Wilson",68641,64,"Hilltop_Dr","7499828091","jotf9SOA","samantha.wilson@hotmail.com"
642,"Jennifer","Wright",54999,100,"Sunset Dr","7404871081","AmPcaAnx","jennifer.wright@icloud.com"
356,"Michael","Moore",79702,26,"Pine_St","7128260282","chGGS0A2","michael.moore@icloud.com"
